-- -------------------------------------------------------------
-- TablePlus 3.12.8(368)
--
-- https://tableplus.com/
--
-- Database: advance_ecommerce
-- Generation Time: 2021-05-26 20:06:50.3250
-- -------------------------------------------------------------


/*!40101 SET @OLD_CHARACTER_SET_CLIENT=@@CHARACTER_SET_CLIENT */;
/*!40101 SET @OLD_CHARACTER_SET_RESULTS=@@CHARACTER_SET_RESULTS */;
/*!40101 SET @OLD_COLLATION_CONNECTION=@@COLLATION_CONNECTION */;
/*!40101 SET NAMES utf8mb4 */;
/*!40014 SET @OLD_UNIQUE_CHECKS=@@UNIQUE_CHECKS, UNIQUE_CHECKS=0 */;
/*!40014 SET @OLD_FOREIGN_KEY_CHECKS=@@FOREIGN_KEY_CHECKS, FOREIGN_KEY_CHECKS=0 */;
/*!40101 SET @OLD_SQL_MODE=@@SQL_MODE, SQL_MODE='NO_AUTO_VALUE_ON_ZERO' */;
/*!40111 SET @OLD_SQL_NOTES=@@SQL_NOTES, SQL_NOTES=0 */;


CREATE TABLE `addresses` (
  `id` bigint unsigned NOT NULL AUTO_INCREMENT,
  `type` enum('shipping_address','billing_address','other') COLLATE utf8mb4_unicode_ci NOT NULL DEFAULT 'other',
  `user_id` bigint unsigned DEFAULT NULL,
  `transaction_id` bigint unsigned DEFAULT NULL,
  `country_id` bigint unsigned NOT NULL DEFAULT '19',
  `country` varchar(255) COLLATE utf8mb4_unicode_ci NOT NULL DEFAULT 'Bangladesh',
  `city_id` bigint unsigned NOT NULL,
  `city` varchar(255) COLLATE utf8mb4_unicode_ci NOT NULL,
  `area_id` bigint unsigned NOT NULL,
  `area` varchar(255) COLLATE utf8mb4_unicode_ci NOT NULL,
  `street1` varchar(255) COLLATE utf8mb4_unicode_ci NOT NULL,
  `street2` varchar(255) COLLATE utf8mb4_unicode_ci DEFAULT NULL,
  `is_default` tinyint(1) NOT NULL DEFAULT '1',
  `created_at` timestamp NULL DEFAULT NULL,
  `updated_at` timestamp NULL DEFAULT NULL,
  PRIMARY KEY (`id`),
  KEY `addresses_user_id_index` (`user_id`),
  KEY `addresses_transaction_id_index` (`transaction_id`),
  CONSTRAINT `addresses_transaction_id_foreign` FOREIGN KEY (`transaction_id`) REFERENCES `transactions` (`id`),
  CONSTRAINT `addresses_user_id_foreign` FOREIGN KEY (`user_id`) REFERENCES `users` (`id`)
) ENGINE=InnoDB AUTO_INCREMENT=6 DEFAULT CHARSET=utf8mb4 COLLATE=utf8mb4_unicode_ci;

CREATE TABLE `areas` (
  `id` bigint unsigned NOT NULL AUTO_INCREMENT,
  `name` varchar(255) COLLATE utf8mb4_unicode_ci NOT NULL,
  `bn_name` varchar(255) COLLATE utf8mb4_unicode_ci DEFAULT NULL,
  `city_id` bigint unsigned NOT NULL,
  `priority` int unsigned NOT NULL DEFAULT '0',
  `status` tinyint(1) NOT NULL DEFAULT '1' COMMENT '1=active, 0=inactive',
  `lat` varchar(255) COLLATE utf8mb4_unicode_ci DEFAULT NULL,
  `lon` varchar(255) COLLATE utf8mb4_unicode_ci DEFAULT NULL,
  `url` varchar(255) COLLATE utf8mb4_unicode_ci DEFAULT NULL,
  `created_at` timestamp NULL DEFAULT NULL,
  `updated_at` timestamp NULL DEFAULT NULL,
  PRIMARY KEY (`id`),
  KEY `areas_city_id_foreign` (`city_id`),
  KEY `areas_name_index` (`name`),
  CONSTRAINT `areas_city_id_foreign` FOREIGN KEY (`city_id`) REFERENCES `cities` (`id`)
) ENGINE=InnoDB AUTO_INCREMENT=492 DEFAULT CHARSET=utf8mb4 COLLATE=utf8mb4_unicode_ci;

CREATE TABLE `attribute_values` (
  `id` bigint unsigned NOT NULL AUTO_INCREMENT,
  `value` varchar(191) CHARACTER SET utf8mb4 COLLATE utf8mb4_unicode_ci NOT NULL,
  `code` varchar(191) CHARACTER SET utf8mb4 COLLATE utf8mb4_unicode_ci NOT NULL,
  `attribute_id` bigint unsigned NOT NULL,
  `created_at` timestamp NULL DEFAULT NULL,
  `updated_at` timestamp NULL DEFAULT NULL,
  PRIMARY KEY (`id`),
  KEY `attribute_values_attribute_id_foreign` (`attribute_id`),
  CONSTRAINT `attribute_values_attribute_id_foreign` FOREIGN KEY (`attribute_id`) REFERENCES `attributes` (`id`)
) ENGINE=InnoDB AUTO_INCREMENT=63 DEFAULT CHARSET=utf8mb4 COLLATE=utf8mb4_unicode_ci;

CREATE TABLE `attributes` (
  `id` bigint unsigned NOT NULL AUTO_INCREMENT,
  `name` varchar(191) CHARACTER SET utf8mb4 COLLATE utf8mb4_unicode_ci NOT NULL,
  `slug` varchar(191) CHARACTER SET utf8mb4 COLLATE utf8mb4_unicode_ci NOT NULL,
  `business_id` bigint unsigned NOT NULL,
  `category_id` bigint unsigned NOT NULL,
  `created_at` timestamp NULL DEFAULT NULL,
  `updated_at` timestamp NULL DEFAULT NULL,
  `deleted_at` datetime DEFAULT NULL,
  PRIMARY KEY (`id`),
  KEY `attributes_category_id_foreign` (`category_id`),
  KEY `attributes_business_id_foreign` (`business_id`),
  CONSTRAINT `attributes_business_id_foreign` FOREIGN KEY (`business_id`) REFERENCES `business` (`id`),
  CONSTRAINT `attributes_category_id_foreign` FOREIGN KEY (`category_id`) REFERENCES `categories` (`id`)
) ENGINE=InnoDB AUTO_INCREMENT=32 DEFAULT CHARSET=utf8mb4 COLLATE=utf8mb4_unicode_ci;

CREATE TABLE `barcode_types` (
  `id` bigint unsigned NOT NULL AUTO_INCREMENT,
  `name` varchar(191) CHARACTER SET utf8mb4 COLLATE utf8mb4_unicode_ci NOT NULL,
  `code` varchar(191) CHARACTER SET utf8mb4 COLLATE utf8mb4_unicode_ci NOT NULL,
  `business_id` bigint unsigned DEFAULT NULL,
  `created_at` timestamp NULL DEFAULT NULL,
  `updated_at` timestamp NULL DEFAULT NULL,
  PRIMARY KEY (`id`),
  UNIQUE KEY `barcode_types_code_unique` (`code`)
) ENGINE=InnoDB AUTO_INCREMENT=8 DEFAULT CHARSET=utf8mb4 COLLATE=utf8mb4_unicode_ci;

CREATE TABLE `brands` (
  `id` bigint unsigned NOT NULL AUTO_INCREMENT,
  `business_id` bigint unsigned NOT NULL,
  `name` varchar(191) CHARACTER SET utf8mb4 COLLATE utf8mb4_unicode_ci NOT NULL,
  `image` varchar(191) CHARACTER SET utf8mb4 COLLATE utf8mb4_unicode_ci DEFAULT NULL,
  `banner` varchar(191) CHARACTER SET utf8mb4 COLLATE utf8mb4_unicode_ci DEFAULT NULL,
  `description` text CHARACTER SET utf8mb4 COLLATE utf8mb4_unicode_ci,
  `created_by` bigint unsigned NOT NULL,
  `deleted_at` timestamp NULL DEFAULT NULL,
  `created_at` timestamp NULL DEFAULT NULL,
  `updated_at` timestamp NULL DEFAULT NULL,
  `slug` varchar(191) COLLATE utf8mb4_unicode_ci NOT NULL,
  PRIMARY KEY (`id`),
  UNIQUE KEY `index_slug` (`slug`) USING BTREE,
  KEY `brands_business_id_foreign` (`business_id`),
  KEY `brands_created_by_foreign` (`created_by`),
  CONSTRAINT `brands_business_id_foreign` FOREIGN KEY (`business_id`) REFERENCES `business` (`id`),
  CONSTRAINT `brands_created_by_foreign` FOREIGN KEY (`created_by`) REFERENCES `users` (`id`)
) ENGINE=InnoDB AUTO_INCREMENT=14 DEFAULT CHARSET=utf8mb4 COLLATE=utf8mb4_unicode_ci;

CREATE TABLE `business` (
  `id` bigint unsigned NOT NULL AUTO_INCREMENT,
  `name` varchar(191) CHARACTER SET utf8mb4 COLLATE utf8mb4_unicode_ci NOT NULL,
  `bin` varchar(191) CHARACTER SET utf8mb4 COLLATE utf8mb4_unicode_ci DEFAULT NULL COMMENT 'Business Identification No',
  `currency_id` bigint unsigned NOT NULL,
  `start_date` date DEFAULT NULL,
  `tax_number_1` varchar(100) CHARACTER SET utf8mb4 COLLATE utf8mb4_unicode_ci DEFAULT NULL,
  `tax_label_1` varchar(10) CHARACTER SET utf8mb4 COLLATE utf8mb4_unicode_ci NOT NULL,
  `tax_number_2` varchar(100) CHARACTER SET utf8mb4 COLLATE utf8mb4_unicode_ci DEFAULT NULL,
  `tax_label_2` varchar(10) CHARACTER SET utf8mb4 COLLATE utf8mb4_unicode_ci DEFAULT NULL,
  `default_profit_percent` double(5,2) NOT NULL DEFAULT '0.00',
  `owner_id` bigint unsigned DEFAULT NULL,
  `time_zone` varchar(191) CHARACTER SET utf8mb4 COLLATE utf8mb4_unicode_ci NOT NULL DEFAULT 'Asia/Kolkata',
  `fy_start_month` tinyint NOT NULL DEFAULT '1',
  `accounting_method` enum('fifo','lifo','avco') CHARACTER SET utf8mb4 COLLATE utf8mb4_unicode_ci NOT NULL DEFAULT 'fifo',
  `default_sales_discount` decimal(5,2) DEFAULT '0.00',
  `sell_price_tax` enum('includes','excludes') CHARACTER SET utf8mb4 COLLATE utf8mb4_unicode_ci NOT NULL DEFAULT 'includes',
  `logo` varchar(191) CHARACTER SET utf8mb4 COLLATE utf8mb4_unicode_ci DEFAULT NULL,
  `banner` varchar(191) CHARACTER SET utf8mb4 COLLATE utf8mb4_unicode_ci DEFAULT NULL,
  `sku_prefix` varchar(191) CHARACTER SET utf8mb4 COLLATE utf8mb4_unicode_ci DEFAULT NULL,
  `enable_tooltip` tinyint(1) NOT NULL DEFAULT '1',
  `enable_referrel_system` tinyint(1) NOT NULL DEFAULT '0',
  `is_main_shop` tinyint(1) NOT NULL DEFAULT '0',
  `shipping_charge_city` float NOT NULL DEFAULT '0',
  `shipping_charge_local` float DEFAULT '0',
  `created_at` timestamp NULL DEFAULT NULL,
  `updated_at` timestamp NULL DEFAULT NULL,
  `slug` varchar(100) COLLATE utf8mb4_unicode_ci DEFAULT NULL,
  PRIMARY KEY (`id`),
  KEY `business_owner_id_foreign` (`owner_id`),
  KEY `business_currency_id_foreign` (`currency_id`),
  CONSTRAINT `business_currency_id_foreign` FOREIGN KEY (`currency_id`) REFERENCES `currencies` (`id`),
  CONSTRAINT `business_owner_id_foreign` FOREIGN KEY (`owner_id`) REFERENCES `users` (`id`)
) ENGINE=InnoDB AUTO_INCREMENT=17 DEFAULT CHARSET=utf8mb4 COLLATE=utf8mb4_unicode_ci;

CREATE TABLE `business_locations` (
  `id` bigint unsigned NOT NULL AUTO_INCREMENT,
  `business_id` bigint unsigned NOT NULL,
  `name` varchar(256) CHARACTER SET utf8mb4 COLLATE utf8mb4_unicode_ci NOT NULL,
  `landmark` text CHARACTER SET utf8mb4 COLLATE utf8mb4_unicode_ci,
  `country` varchar(100) CHARACTER SET utf8mb4 COLLATE utf8mb4_unicode_ci NOT NULL,
  `state` varchar(100) CHARACTER SET utf8mb4 COLLATE utf8mb4_unicode_ci DEFAULT NULL,
  `city` varchar(100) CHARACTER SET utf8mb4 COLLATE utf8mb4_unicode_ci DEFAULT NULL,
  `zip_code` char(7) CHARACTER SET utf8mb4 COLLATE utf8mb4_unicode_ci DEFAULT NULL,
  `mobile` varchar(191) CHARACTER SET utf8mb4 COLLATE utf8mb4_unicode_ci DEFAULT NULL,
  `alternate_number` varchar(191) CHARACTER SET utf8mb4 COLLATE utf8mb4_unicode_ci DEFAULT NULL,
  `email` varchar(191) CHARACTER SET utf8mb4 COLLATE utf8mb4_unicode_ci DEFAULT NULL,
  `website` varchar(100) CHARACTER SET utf8mb4 COLLATE utf8mb4_unicode_ci DEFAULT NULL,
  `deleted_at` timestamp NULL DEFAULT NULL,
  `created_at` timestamp NULL DEFAULT NULL,
  `updated_at` timestamp NULL DEFAULT NULL,
  PRIMARY KEY (`id`),
  KEY `business_locations_business_id_foreign` (`business_id`),
  CONSTRAINT `business_locations_business_id_foreign` FOREIGN KEY (`business_id`) REFERENCES `business` (`id`)
) ENGINE=InnoDB AUTO_INCREMENT=11 DEFAULT CHARSET=utf8mb4 COLLATE=utf8mb4_unicode_ci;

CREATE TABLE `categories` (
  `id` bigint unsigned NOT NULL AUTO_INCREMENT,
  `name` varchar(191) CHARACTER SET utf8mb4 COLLATE utf8mb4_unicode_ci NOT NULL,
  `short_description` text CHARACTER SET utf8mb4 COLLATE utf8mb4_unicode_ci,
  `description` text CHARACTER SET utf8mb4 COLLATE utf8mb4_unicode_ci,
  `business_id` bigint unsigned NOT NULL,
  `short_code` varchar(191) CHARACTER SET utf8mb4 COLLATE utf8mb4_unicode_ci DEFAULT NULL,
  `image` varchar(191) CHARACTER SET utf8mb4 COLLATE utf8mb4_unicode_ci DEFAULT NULL,
  `banner` varchar(191) CHARACTER SET utf8mb4 COLLATE utf8mb4_unicode_ci DEFAULT NULL,
  `parent_id` bigint unsigned DEFAULT NULL COMMENT 'If Parent is null, it is the parent',
  `is_visible_homepage` tinyint(1) NOT NULL DEFAULT '0',
  `priority` int NOT NULL DEFAULT '10',
  `created_by` bigint unsigned NOT NULL,
  `deleted_at` timestamp NULL DEFAULT NULL,
  `created_at` timestamp NULL DEFAULT NULL,
  `updated_at` timestamp NULL DEFAULT NULL,
  PRIMARY KEY (`id`),
  KEY `categories_business_id_foreign` (`business_id`),
  KEY `categories_created_by_foreign` (`created_by`),
  CONSTRAINT `categories_business_id_foreign` FOREIGN KEY (`business_id`) REFERENCES `business` (`id`),
  CONSTRAINT `categories_created_by_foreign` FOREIGN KEY (`created_by`) REFERENCES `users` (`id`)
) ENGINE=InnoDB AUTO_INCREMENT=25 DEFAULT CHARSET=utf8mb4 COLLATE=utf8mb4_unicode_ci;

CREATE TABLE `cities` (
  `id` bigint unsigned NOT NULL AUTO_INCREMENT,
  `name` varchar(255) COLLATE utf8mb4_unicode_ci NOT NULL,
  `bn_name` varchar(255) COLLATE utf8mb4_unicode_ci DEFAULT NULL,
  `country_id` bigint unsigned NOT NULL,
  `priority` int unsigned NOT NULL DEFAULT '0',
  `status` tinyint(1) NOT NULL DEFAULT '1' COMMENT '1=active, 0=inactive',
  `lat` varchar(255) COLLATE utf8mb4_unicode_ci DEFAULT NULL,
  `lon` varchar(255) COLLATE utf8mb4_unicode_ci DEFAULT NULL,
  `url` varchar(255) COLLATE utf8mb4_unicode_ci DEFAULT NULL,
  `created_at` timestamp NULL DEFAULT NULL,
  `updated_at` timestamp NULL DEFAULT NULL,
  PRIMARY KEY (`id`),
  KEY `cities_country_id_foreign` (`country_id`),
  KEY `cities_name_index` (`name`),
  CONSTRAINT `cities_country_id_foreign` FOREIGN KEY (`country_id`) REFERENCES `countries` (`id`)
) ENGINE=InnoDB AUTO_INCREMENT=65 DEFAULT CHARSET=utf8mb4 COLLATE=utf8mb4_unicode_ci;

CREATE TABLE `countries` (
  `id` bigint unsigned NOT NULL AUTO_INCREMENT,
  `name` varchar(255) COLLATE utf8mb4_unicode_ci NOT NULL,
  `code` varchar(255) COLLATE utf8mb4_unicode_ci DEFAULT NULL,
  `phone_code` varchar(255) COLLATE utf8mb4_unicode_ci DEFAULT NULL,
  `flag` varchar(255) COLLATE utf8mb4_unicode_ci DEFAULT NULL,
  `lat` varchar(255) COLLATE utf8mb4_unicode_ci DEFAULT NULL,
  `lon` varchar(255) COLLATE utf8mb4_unicode_ci DEFAULT NULL,
  `url` varchar(255) COLLATE utf8mb4_unicode_ci DEFAULT NULL,
  PRIMARY KEY (`id`)
) ENGINE=InnoDB AUTO_INCREMENT=231 DEFAULT CHARSET=utf8mb4 COLLATE=utf8mb4_unicode_ci;

CREATE TABLE `coupon_types` (
  `id` bigint unsigned NOT NULL AUTO_INCREMENT,
  `name` varchar(191) CHARACTER SET utf8mb4 COLLATE utf8mb4_unicode_ci NOT NULL,
  `code` varchar(191) CHARACTER SET utf8mb4 COLLATE utf8mb4_unicode_ci NOT NULL,
  `created_at` timestamp NULL DEFAULT NULL,
  `updated_at` timestamp NULL DEFAULT NULL,
  PRIMARY KEY (`id`)
) ENGINE=InnoDB AUTO_INCREMENT=5 DEFAULT CHARSET=utf8mb4 COLLATE=utf8mb4_unicode_ci;

CREATE TABLE `coupons` (
  `id` bigint unsigned NOT NULL AUTO_INCREMENT,
  `code` varchar(191) CHARACTER SET utf8mb4 COLLATE utf8mb4_unicode_ci NOT NULL,
  `description` text CHARACTER SET utf8mb4 COLLATE utf8mb4_unicode_ci,
  `image` varchar(191) CHARACTER SET utf8mb4 COLLATE utf8mb4_unicode_ci DEFAULT NULL,
  `business_id` bigint unsigned NOT NULL,
  `coupon_type_id` bigint unsigned NOT NULL,
  `amount_type` enum('percentage','numeric') CHARACTER SET utf8mb4 COLLATE utf8mb4_unicode_ci NOT NULL DEFAULT 'numeric',
  `coupon_amount` double(8,2) unsigned NOT NULL,
  `min_amount` double(8,2) unsigned NOT NULL DEFAULT '100.00',
  `max_amount` double(8,2) unsigned NOT NULL DEFAULT '1.00',
  `coupon_start_date` date DEFAULT NULL,
  `coupon_expiry_date` date DEFAULT NULL,
  `is_free_shiping` tinyint(1) NOT NULL DEFAULT '0',
  `usage_limit` int NOT NULL DEFAULT '1' COMMENT '-1 = Unlimited',
  `usage_count` int NOT NULL DEFAULT '0',
  `usage_limit_per_user` int NOT NULL DEFAULT '1' COMMENT '-1 = Unlimited',
  `is_individual_use` tinyint(1) NOT NULL DEFAULT '0',
  `exclude_sale_items` text CHARACTER SET utf8mb4 COLLATE utf8mb4_unicode_ci,
  `product_ids` text CHARACTER SET utf8mb4 COLLATE utf8mb4_unicode_ci,
  `exclude_product_ids` text CHARACTER SET utf8mb4 COLLATE utf8mb4_unicode_ci,
  `product_categories` text CHARACTER SET utf8mb4 COLLATE utf8mb4_unicode_ci,
  `exclude_product_categories` text CHARACTER SET utf8mb4 COLLATE utf8mb4_unicode_ci,
  `deleted_at` timestamp NULL DEFAULT NULL,
  `created_at` timestamp NULL DEFAULT NULL,
  `updated_at` timestamp NULL DEFAULT NULL,
  PRIMARY KEY (`id`),
  KEY `coupons_coupon_type_id_foreign` (`coupon_type_id`),
  KEY `coupons_business_id_foreign` (`business_id`),
  CONSTRAINT `coupons_business_id_foreign` FOREIGN KEY (`business_id`) REFERENCES `business` (`id`),
  CONSTRAINT `coupons_coupon_type_id_foreign` FOREIGN KEY (`coupon_type_id`) REFERENCES `coupon_types` (`id`)
) ENGINE=InnoDB AUTO_INCREMENT=9 DEFAULT CHARSET=utf8mb4 COLLATE=utf8mb4_unicode_ci;

CREATE TABLE `currencies` (
  `id` bigint unsigned NOT NULL AUTO_INCREMENT,
  `country` varchar(100) CHARACTER SET utf8mb4 COLLATE utf8mb4_unicode_ci NOT NULL,
  `currency` varchar(100) CHARACTER SET utf8mb4 COLLATE utf8mb4_unicode_ci NOT NULL,
  `code` varchar(25) CHARACTER SET utf8mb4 COLLATE utf8mb4_unicode_ci NOT NULL,
  `symbol` varchar(25) CHARACTER SET utf8mb4 COLLATE utf8mb4_unicode_ci NOT NULL,
  `thousand_separator` varchar(10) CHARACTER SET utf8mb4 COLLATE utf8mb4_unicode_ci NOT NULL,
  `decimal_separator` varchar(10) CHARACTER SET utf8mb4 COLLATE utf8mb4_unicode_ci NOT NULL,
  `created_at` timestamp NULL DEFAULT NULL,
  `updated_at` timestamp NULL DEFAULT NULL,
  PRIMARY KEY (`id`)
) ENGINE=InnoDB AUTO_INCREMENT=9 DEFAULT CHARSET=utf8mb4 COLLATE=utf8mb4_unicode_ci;

CREATE TABLE `customer_groups` (
  `id` bigint unsigned NOT NULL AUTO_INCREMENT,
  `business_id` bigint unsigned NOT NULL,
  `name` varchar(191) CHARACTER SET utf8mb4 COLLATE utf8mb4_unicode_ci NOT NULL,
  `amount` double(8,2) NOT NULL DEFAULT '0.00',
  `created_at` timestamp NULL DEFAULT NULL,
  `updated_at` timestamp NULL DEFAULT NULL,
  PRIMARY KEY (`id`),
  KEY `customer_groups_business_id_foreign` (`business_id`),
  CONSTRAINT `customer_groups_business_id_foreign` FOREIGN KEY (`business_id`) REFERENCES `business` (`id`)
) ENGINE=InnoDB DEFAULT CHARSET=utf8mb4 COLLATE=utf8mb4_unicode_ci;

CREATE TABLE `customers` (
  `id` bigint unsigned NOT NULL AUTO_INCREMENT,
  `business_id` bigint unsigned NOT NULL,
  `bin` varchar(191) CHARACTER SET utf8mb4 COLLATE utf8mb4_unicode_ci DEFAULT NULL COMMENT 'BIN = Business Identification Number',
  `name` varchar(191) CHARACTER SET utf8mb4 COLLATE utf8mb4_unicode_ci NOT NULL,
  `tax_number` varchar(191) CHARACTER SET utf8mb4 COLLATE utf8mb4_unicode_ci DEFAULT NULL,
  `city` varchar(191) CHARACTER SET utf8mb4 COLLATE utf8mb4_unicode_ci DEFAULT NULL,
  `state` varchar(191) CHARACTER SET utf8mb4 COLLATE utf8mb4_unicode_ci DEFAULT NULL,
  `country` varchar(191) CHARACTER SET utf8mb4 COLLATE utf8mb4_unicode_ci DEFAULT NULL,
  `landmark` varchar(191) CHARACTER SET utf8mb4 COLLATE utf8mb4_unicode_ci DEFAULT NULL,
  `mobile` varchar(191) CHARACTER SET utf8mb4 COLLATE utf8mb4_unicode_ci NOT NULL,
  `landline` varchar(191) CHARACTER SET utf8mb4 COLLATE utf8mb4_unicode_ci DEFAULT NULL,
  `alternate_number` varchar(191) CHARACTER SET utf8mb4 COLLATE utf8mb4_unicode_ci DEFAULT NULL,
  `pay_term_number` bigint unsigned DEFAULT NULL,
  `pay_term_type` enum('days','months') CHARACTER SET utf8mb4 COLLATE utf8mb4_unicode_ci DEFAULT NULL,
  `created_by` bigint unsigned NOT NULL,
  `is_default` tinyint(1) NOT NULL DEFAULT '0',
  `profile` varchar(191) CHARACTER SET utf8mb4 COLLATE utf8mb4_unicode_ci DEFAULT NULL,
  `banner` varchar(191) CHARACTER SET utf8mb4 COLLATE utf8mb4_unicode_ci DEFAULT NULL,
  `deleted_at` timestamp NULL DEFAULT NULL,
  `created_at` timestamp NULL DEFAULT NULL,
  `updated_at` timestamp NULL DEFAULT NULL,
  PRIMARY KEY (`id`),
  KEY `customers_business_id_foreign` (`business_id`),
  KEY `customers_created_by_foreign` (`created_by`),
  CONSTRAINT `customers_business_id_foreign` FOREIGN KEY (`business_id`) REFERENCES `business` (`id`),
  CONSTRAINT `customers_created_by_foreign` FOREIGN KEY (`created_by`) REFERENCES `users` (`id`)
) ENGINE=InnoDB DEFAULT CHARSET=utf8mb4 COLLATE=utf8mb4_unicode_ci;

CREATE TABLE `discount_types` (
  `id` bigint unsigned NOT NULL AUTO_INCREMENT,
  `business_id` bigint unsigned NOT NULL,
  `name` varchar(191) CHARACTER SET utf8mb4 COLLATE utf8mb4_unicode_ci NOT NULL,
  `created_by` bigint unsigned NOT NULL,
  `deleted_at` varchar(191) CHARACTER SET utf8mb4 COLLATE utf8mb4_unicode_ci DEFAULT NULL,
  `created_at` timestamp NULL DEFAULT NULL,
  `updated_at` timestamp NULL DEFAULT NULL,
  PRIMARY KEY (`id`),
  KEY `discount_types_business_id_foreign` (`business_id`),
  KEY `discount_types_created_by_foreign` (`created_by`),
  CONSTRAINT `discount_types_business_id_foreign` FOREIGN KEY (`business_id`) REFERENCES `business` (`id`),
  CONSTRAINT `discount_types_created_by_foreign` FOREIGN KEY (`created_by`) REFERENCES `users` (`id`)
) ENGINE=InnoDB AUTO_INCREMENT=2 DEFAULT CHARSET=utf8mb4 COLLATE=utf8mb4_unicode_ci;

CREATE TABLE `failed_jobs` (
  `id` bigint unsigned NOT NULL AUTO_INCREMENT,
  `connection` text CHARACTER SET utf8mb4 COLLATE utf8mb4_unicode_ci NOT NULL,
  `queue` text CHARACTER SET utf8mb4 COLLATE utf8mb4_unicode_ci NOT NULL,
  `payload` longtext CHARACTER SET utf8mb4 COLLATE utf8mb4_unicode_ci NOT NULL,
  `exception` longtext CHARACTER SET utf8mb4 COLLATE utf8mb4_unicode_ci NOT NULL,
  `failed_at` timestamp NOT NULL DEFAULT CURRENT_TIMESTAMP,
  PRIMARY KEY (`id`)
) ENGINE=InnoDB DEFAULT CHARSET=utf8mb4 COLLATE=utf8mb4_unicode_ci;

CREATE TABLE `gift_card_transactions` (
  `id` bigint unsigned NOT NULL AUTO_INCREMENT,
  `transaction_id` bigint unsigned NOT NULL,
  `gift_card_id` bigint unsigned NOT NULL,
  `user_id` bigint unsigned NOT NULL,
  `price_value_for` double(8,2) NOT NULL DEFAULT '0.00',
  `change_price_value` double(8,2) NOT NULL DEFAULT '0.00',
  `created_at` timestamp NULL DEFAULT NULL,
  `updated_at` timestamp NULL DEFAULT NULL,
  PRIMARY KEY (`id`),
  KEY `gift_card_transactions_transaction_id_foreign` (`transaction_id`),
  KEY `gift_card_transactions_gift_card_id_foreign` (`gift_card_id`),
  KEY `gift_card_transactions_user_id_foreign` (`user_id`),
  CONSTRAINT `gift_card_transactions_gift_card_id_foreign` FOREIGN KEY (`gift_card_id`) REFERENCES `gift_cards` (`id`),
  CONSTRAINT `gift_card_transactions_transaction_id_foreign` FOREIGN KEY (`transaction_id`) REFERENCES `transactions` (`id`),
  CONSTRAINT `gift_card_transactions_user_id_foreign` FOREIGN KEY (`user_id`) REFERENCES `users` (`id`)
) ENGINE=InnoDB DEFAULT CHARSET=utf8mb4 COLLATE=utf8mb4_unicode_ci;

CREATE TABLE `gift_cards` (
  `id` bigint unsigned NOT NULL AUTO_INCREMENT,
  `title` varchar(191) CHARACTER SET utf8mb4 COLLATE utf8mb4_unicode_ci NOT NULL,
  `slug` varchar(191) CHARACTER SET utf8mb4 COLLATE utf8mb4_unicode_ci NOT NULL,
  `image` varchar(191) CHARACTER SET utf8mb4 COLLATE utf8mb4_unicode_ci DEFAULT NULL,
  `price_value_for` double(8,2) NOT NULL DEFAULT '0.00' COMMENT 'What Price value it will take from customer',
  `change_price_value` double(8,2) NOT NULL DEFAULT '0.00' COMMENT 'What Price will return customer as card value',
  `status` tinyint(1) NOT NULL DEFAULT '1' COMMENT '1=>active, 0=>inactive',
  `description` text CHARACTER SET utf8mb4 COLLATE utf8mb4_unicode_ci,
  `deleted_at` timestamp NULL DEFAULT NULL,
  `created_by` bigint unsigned DEFAULT NULL,
  `updated_by` bigint unsigned DEFAULT NULL,
  `deleted_by` bigint unsigned DEFAULT NULL,
  `created_at` timestamp NULL DEFAULT NULL,
  `updated_at` timestamp NULL DEFAULT NULL,
  PRIMARY KEY (`id`),
  KEY `gift_cards_created_by_foreign` (`created_by`),
  KEY `gift_cards_updated_by_foreign` (`updated_by`),
  KEY `gift_cards_deleted_by_foreign` (`deleted_by`),
  CONSTRAINT `gift_cards_created_by_foreign` FOREIGN KEY (`created_by`) REFERENCES `users` (`id`),
  CONSTRAINT `gift_cards_deleted_by_foreign` FOREIGN KEY (`deleted_by`) REFERENCES `users` (`id`),
  CONSTRAINT `gift_cards_updated_by_foreign` FOREIGN KEY (`updated_by`) REFERENCES `users` (`id`)
) ENGINE=InnoDB AUTO_INCREMENT=4 DEFAULT CHARSET=utf8mb4 COLLATE=utf8mb4_unicode_ci;

CREATE TABLE `invoice_items` (
  `id` bigint unsigned NOT NULL AUTO_INCREMENT,
  `invoice_id` bigint unsigned NOT NULL,
  `transaction_id` bigint unsigned NOT NULL COMMENT 'Order ID',
  `business_id` bigint unsigned NOT NULL,
  `item_id` bigint unsigned NOT NULL,
  `transaction_sell_line_id` bigint unsigned NOT NULL,
  `qty` double(8,2) unsigned NOT NULL DEFAULT '1.00',
  `amount` double(8,2) unsigned NOT NULL DEFAULT '0.00',
  `discount_amount` double(8,2) unsigned NOT NULL DEFAULT '0.00',
  `grand_total` double(8,2) unsigned NOT NULL DEFAULT '0.00',
  `created_at` timestamp NULL DEFAULT NULL,
  `updated_at` timestamp NULL DEFAULT NULL,
  PRIMARY KEY (`id`),
  KEY `invoice_items_business_id_foreign` (`business_id`),
  KEY `invoice_items_transaction_id_foreign` (`transaction_id`),
  KEY `invoice_items_item_id_foreign` (`item_id`),
  CONSTRAINT `invoice_items_business_id_foreign` FOREIGN KEY (`business_id`) REFERENCES `business` (`id`),
  CONSTRAINT `invoice_items_item_id_foreign` FOREIGN KEY (`item_id`) REFERENCES `items` (`id`),
  CONSTRAINT `invoice_items_transaction_id_foreign` FOREIGN KEY (`transaction_id`) REFERENCES `transactions` (`id`)
) ENGINE=InnoDB AUTO_INCREMENT=4 DEFAULT CHARSET=utf8mb4 COLLATE=utf8mb4_unicode_ci;

CREATE TABLE `invoice_statuses` (
  `id` bigint unsigned NOT NULL AUTO_INCREMENT,
  `invoice_id` bigint unsigned NOT NULL,
  `order_create_date` datetime NOT NULL,
  `confirmed_by_vendor_date` datetime DEFAULT NULL,
  `shipped_by_vendor_date` datetime DEFAULT NULL,
  `delivery_by_vendor_date` datetime DEFAULT NULL,
  `received_by_customer_date` datetime DEFAULT NULL,
  `feedback_by_customer_date` datetime DEFAULT NULL,
  `created_at` timestamp NULL DEFAULT NULL,
  `updated_at` timestamp NULL DEFAULT NULL,
  PRIMARY KEY (`id`),
  KEY `invoice_statuses_invoice_id_foreign` (`invoice_id`),
  CONSTRAINT `invoice_statuses_invoice_id_foreign` FOREIGN KEY (`invoice_id`) REFERENCES `invoices` (`id`)
) ENGINE=InnoDB AUTO_INCREMENT=5 DEFAULT CHARSET=utf8mb4 COLLATE=utf8mb4_unicode_ci;

CREATE TABLE `invoices` (
  `id` bigint unsigned NOT NULL AUTO_INCREMENT,
  `invoice_no` bigint unsigned NOT NULL,
  `transaction_id` bigint unsigned NOT NULL COMMENT 'Order ID',
  `business_id` bigint unsigned NOT NULL,
  `total_amount` double(8,2) unsigned NOT NULL DEFAULT '0.00',
  `total_discount` double(8,2) unsigned NOT NULL DEFAULT '0.00',
  `grand_total` double(8,2) unsigned NOT NULL DEFAULT '0.00',
  `paid_total` double(8,2) unsigned NOT NULL DEFAULT '0.00',
  `status` enum('due','paid','delivered','cancelled') CHARACTER SET utf8mb4 COLLATE utf8mb4_unicode_ci NOT NULL DEFAULT 'due',
  `created_by` bigint unsigned NOT NULL,
  `updated_by` bigint unsigned DEFAULT NULL,
  `date` date NOT NULL,
  `created_at` timestamp NULL DEFAULT NULL,
  `updated_at` timestamp NULL DEFAULT NULL,
  PRIMARY KEY (`id`),
  KEY `invoices_business_id_foreign` (`business_id`),
  KEY `invoices_transaction_id_foreign` (`transaction_id`),
  KEY `invoices_created_by_foreign` (`created_by`),
  KEY `invoices_updated_by_foreign` (`updated_by`),
  CONSTRAINT `invoices_business_id_foreign` FOREIGN KEY (`business_id`) REFERENCES `business` (`id`),
  CONSTRAINT `invoices_created_by_foreign` FOREIGN KEY (`created_by`) REFERENCES `users` (`id`),
  CONSTRAINT `invoices_transaction_id_foreign` FOREIGN KEY (`transaction_id`) REFERENCES `transactions` (`id`),
  CONSTRAINT `invoices_updated_by_foreign` FOREIGN KEY (`updated_by`) REFERENCES `users` (`id`)
) ENGINE=InnoDB AUTO_INCREMENT=5 DEFAULT CHARSET=utf8mb4 COLLATE=utf8mb4_unicode_ci;

CREATE TABLE `item_attributes` (
  `id` bigint unsigned NOT NULL AUTO_INCREMENT,
  `item_id` bigint unsigned NOT NULL,
  `attribute_id` bigint unsigned NOT NULL,
  `business_id` bigint unsigned NOT NULL,
  `attribute_values` text CHARACTER SET utf8mb4 COLLATE utf8mb4_unicode_ci NOT NULL COMMENT 'comma seperated attribute_value_id',
  `created_at` timestamp NULL DEFAULT NULL,
  `updated_at` timestamp NULL DEFAULT NULL,
  PRIMARY KEY (`id`),
  KEY `item_attributes_business_id_foreign` (`business_id`),
  KEY `item_attributes_attribute_id_foreign` (`attribute_id`),
  KEY `item_attributes_item_id_foreign` (`item_id`),
  CONSTRAINT `item_attributes_attribute_id_foreign` FOREIGN KEY (`attribute_id`) REFERENCES `attributes` (`id`),
  CONSTRAINT `item_attributes_business_id_foreign` FOREIGN KEY (`business_id`) REFERENCES `business` (`id`),
  CONSTRAINT `item_attributes_item_id_foreign` FOREIGN KEY (`item_id`) REFERENCES `items` (`id`)
) ENGINE=InnoDB AUTO_INCREMENT=17 DEFAULT CHARSET=utf8mb4 COLLATE=utf8mb4_unicode_ci;

CREATE TABLE `item_images` (
  `id` bigint unsigned NOT NULL AUTO_INCREMENT,
  `item_id` bigint unsigned NOT NULL,
  `business_id` bigint unsigned NOT NULL,
  `image` varchar(191) CHARACTER SET utf8mb4 COLLATE utf8mb4_unicode_ci NOT NULL,
  `image_size` varchar(191) CHARACTER SET utf8mb4 COLLATE utf8mb4_unicode_ci NOT NULL DEFAULT '0',
  `image_title` varchar(191) CHARACTER SET utf8mb4 COLLATE utf8mb4_unicode_ci DEFAULT NULL,
  `image_description` varchar(191) CHARACTER SET utf8mb4 COLLATE utf8mb4_unicode_ci DEFAULT NULL,
  `created_at` timestamp NULL DEFAULT NULL,
  `updated_at` timestamp NULL DEFAULT NULL,
  PRIMARY KEY (`id`),
  KEY `item_images_business_id_foreign` (`business_id`),
  KEY `item_images_item_id_foreign` (`item_id`),
  CONSTRAINT `item_images_business_id_foreign` FOREIGN KEY (`business_id`) REFERENCES `business` (`id`),
  CONSTRAINT `item_images_item_id_foreign` FOREIGN KEY (`item_id`) REFERENCES `items` (`id`)
) ENGINE=InnoDB AUTO_INCREMENT=31 DEFAULT CHARSET=utf8mb4 COLLATE=utf8mb4_unicode_ci;

CREATE TABLE `item_ratings` (
  `id` bigint unsigned NOT NULL AUTO_INCREMENT,
  `item_id` bigint unsigned NOT NULL,
  `user_id` bigint unsigned NOT NULL,
  `rating_value` int unsigned NOT NULL DEFAULT '5',
  `comment` text CHARACTER SET utf8mb4 COLLATE utf8mb4_unicode_ci,
  `image` text CHARACTER SET utf8mb4 COLLATE utf8mb4_unicode_ci,
  `status` tinyint(1) DEFAULT '1' COMMENT '1=Approved, 0=Unapproved',
  `created_at` timestamp NULL DEFAULT NULL,
  `updated_at` timestamp NULL DEFAULT NULL,
  PRIMARY KEY (`id`),
  KEY `item_ratings_item_id_foreign` (`item_id`),
  KEY `item_ratings_user_id_foreign` (`user_id`),
  CONSTRAINT `item_ratings_item_id_foreign` FOREIGN KEY (`item_id`) REFERENCES `items` (`id`),
  CONSTRAINT `item_ratings_user_id_foreign` FOREIGN KEY (`user_id`) REFERENCES `users` (`id`)
) ENGINE=InnoDB AUTO_INCREMENT=15 DEFAULT CHARSET=utf8mb4 COLLATE=utf8mb4_unicode_ci;

CREATE TABLE `items` (
  `id` bigint unsigned NOT NULL AUTO_INCREMENT,
  `name` varchar(191) CHARACTER SET utf8mb4 COLLATE utf8mb4_unicode_ci NOT NULL,
  `featured_image` varchar(191) CHARACTER SET utf8mb4 COLLATE utf8mb4_unicode_ci DEFAULT NULL,
  `short_resolation_image` varchar(191) CHARACTER SET utf8mb4 COLLATE utf8mb4_unicode_ci DEFAULT NULL,
  `business_id` bigint unsigned NOT NULL,
  `unit_id` bigint unsigned NOT NULL,
  `brand_id` bigint unsigned DEFAULT NULL,
  `category_id` bigint unsigned DEFAULT NULL,
  `sub_category_id` bigint unsigned DEFAULT NULL,
  `sub_category_id2` bigint DEFAULT NULL,
  `tax` bigint unsigned DEFAULT NULL,
  `tax_type` enum('inclusive','exclusive') CHARACTER SET utf8mb4 COLLATE utf8mb4_unicode_ci NOT NULL,
  `enable_stock` tinyint(1) NOT NULL DEFAULT '0',
  `alert_quantity` bigint unsigned NOT NULL,
  `sku` varchar(191) CHARACTER SET utf8mb4 COLLATE utf8mb4_unicode_ci NOT NULL,
  `barcode_type` enum('C39','C128','EAN-13','EAN-8','UPC-A','UPC-E','ITF-14') CHARACTER SET utf8mb4 COLLATE utf8mb4_unicode_ci NOT NULL,
  `sku_manual` varchar(191) CHARACTER SET utf8mb4 COLLATE utf8mb4_unicode_ci DEFAULT NULL,
  `current_stock` int unsigned DEFAULT '0',
  `average_rating` float NOT NULL DEFAULT '0',
  `total_rating` int unsigned NOT NULL DEFAULT '0',
  `default_selling_price` float DEFAULT '0',
  `offer_selling_price` float DEFAULT '0',
  `is_offer_enable` tinyint(1) DEFAULT '0',
  `shipping_charge` float DEFAULT '0',
  `description` text CHARACTER SET utf8mb4 COLLATE utf8mb4_unicode_ci,
  `created_by` bigint unsigned NOT NULL,
  `created_at` timestamp NULL DEFAULT NULL,
  `updated_at` timestamp NULL DEFAULT NULL,
  `deleted_at` timestamp NULL DEFAULT NULL,
  PRIMARY KEY (`id`),
  KEY `items_tax_foreign` (`tax`),
  KEY `items_business_id_foreign` (`business_id`),
  KEY `items_unit_id_foreign` (`unit_id`),
  KEY `items_brand_id_foreign` (`brand_id`),
  KEY `items_category_id_foreign` (`category_id`),
  KEY `items_sub_category_id_foreign` (`sub_category_id`),
  KEY `items_created_by_foreign` (`created_by`),
  KEY `items_name_index` (`name`),
  KEY `items_sku_index` (`sku`),
  KEY `items_sku_manual_index` (`sku_manual`),
  KEY `name` (`name`),
  KEY `sku` (`sku`),
  CONSTRAINT `items_brand_id_foreign` FOREIGN KEY (`brand_id`) REFERENCES `brands` (`id`),
  CONSTRAINT `items_business_id_foreign` FOREIGN KEY (`business_id`) REFERENCES `business` (`id`),
  CONSTRAINT `items_category_id_foreign` FOREIGN KEY (`category_id`) REFERENCES `categories` (`id`),
  CONSTRAINT `items_created_by_foreign` FOREIGN KEY (`created_by`) REFERENCES `users` (`id`),
  CONSTRAINT `items_sub_category_id_foreign` FOREIGN KEY (`sub_category_id`) REFERENCES `categories` (`id`),
  CONSTRAINT `items_tax_foreign` FOREIGN KEY (`tax`) REFERENCES `tax_rates` (`id`),
  CONSTRAINT `items_unit_id_foreign` FOREIGN KEY (`unit_id`) REFERENCES `units` (`id`)
) ENGINE=InnoDB AUTO_INCREMENT=65 DEFAULT CHARSET=utf8mb4 COLLATE=utf8mb4_unicode_ci;

CREATE TABLE `media` (
  `id` bigint unsigned NOT NULL AUTO_INCREMENT,
  `model_type` varchar(191) CHARACTER SET utf8mb4 COLLATE utf8mb4_unicode_ci NOT NULL,
  `model_id` bigint unsigned NOT NULL,
  `uuid` char(36) CHARACTER SET utf8mb4 COLLATE utf8mb4_unicode_ci DEFAULT NULL,
  `collection_name` varchar(191) CHARACTER SET utf8mb4 COLLATE utf8mb4_unicode_ci NOT NULL,
  `name` varchar(191) CHARACTER SET utf8mb4 COLLATE utf8mb4_unicode_ci NOT NULL,
  `file_name` varchar(191) CHARACTER SET utf8mb4 COLLATE utf8mb4_unicode_ci NOT NULL,
  `mime_type` varchar(191) CHARACTER SET utf8mb4 COLLATE utf8mb4_unicode_ci DEFAULT NULL,
  `disk` varchar(191) CHARACTER SET utf8mb4 COLLATE utf8mb4_unicode_ci NOT NULL,
  `conversions_disk` varchar(191) CHARACTER SET utf8mb4 COLLATE utf8mb4_unicode_ci DEFAULT NULL,
  `size` bigint unsigned NOT NULL,
  `manipulations` longtext CHARACTER SET utf8mb4 COLLATE utf8mb4_bin NOT NULL,
  `custom_properties` longtext CHARACTER SET utf8mb4 COLLATE utf8mb4_bin NOT NULL,
  `generated_conversions` longtext CHARACTER SET utf8mb4 COLLATE utf8mb4_bin NOT NULL,
  `responsive_images` longtext CHARACTER SET utf8mb4 COLLATE utf8mb4_bin NOT NULL,
  `order_column` int unsigned DEFAULT NULL,
  `created_at` timestamp NULL DEFAULT NULL,
  `updated_at` timestamp NULL DEFAULT NULL,
  PRIMARY KEY (`id`),
  KEY `media_model_type_model_id_index` (`model_type`,`model_id`)
) ENGINE=InnoDB DEFAULT CHARSET=utf8mb4 COLLATE=utf8mb4_unicode_ci;

CREATE TABLE `migrations` (
  `id` int unsigned NOT NULL AUTO_INCREMENT,
  `migration` varchar(191) CHARACTER SET utf8mb4 COLLATE utf8mb4_unicode_ci NOT NULL,
  `batch` int NOT NULL,
  PRIMARY KEY (`id`)
) ENGINE=InnoDB AUTO_INCREMENT=124 DEFAULT CHARSET=utf8mb4 COLLATE=utf8mb4_unicode_ci;

CREATE TABLE `model_has_permissions` (
  `permission_id` bigint unsigned NOT NULL,
  `model_type` varchar(191) CHARACTER SET utf8mb4 COLLATE utf8mb4_unicode_ci NOT NULL,
  `model_id` bigint unsigned NOT NULL,
  PRIMARY KEY (`permission_id`,`model_id`,`model_type`),
  KEY `model_has_permissions_model_id_model_type_index` (`model_id`,`model_type`),
  CONSTRAINT `model_has_permissions_permission_id_foreign` FOREIGN KEY (`permission_id`) REFERENCES `permissions` (`id`) ON DELETE CASCADE
) ENGINE=InnoDB DEFAULT CHARSET=utf8mb4 COLLATE=utf8mb4_unicode_ci;

CREATE TABLE `model_has_roles` (
  `role_id` bigint unsigned NOT NULL,
  `model_type` varchar(191) CHARACTER SET utf8mb4 COLLATE utf8mb4_unicode_ci NOT NULL,
  `model_id` bigint unsigned NOT NULL,
  PRIMARY KEY (`role_id`,`model_id`,`model_type`),
  KEY `model_has_roles_model_id_model_type_index` (`model_id`,`model_type`),
  CONSTRAINT `model_has_roles_role_id_foreign` FOREIGN KEY (`role_id`) REFERENCES `roles` (`id`) ON DELETE CASCADE
) ENGINE=InnoDB DEFAULT CHARSET=utf8mb4 COLLATE=utf8mb4_unicode_ci;

CREATE TABLE `oauth_access_tokens` (
  `id` varchar(100) CHARACTER SET utf8mb4 COLLATE utf8mb4_unicode_ci NOT NULL,
  `user_id` bigint unsigned DEFAULT NULL,
  `client_id` bigint unsigned NOT NULL,
  `name` varchar(191) CHARACTER SET utf8mb4 COLLATE utf8mb4_unicode_ci DEFAULT NULL,
  `scopes` text CHARACTER SET utf8mb4 COLLATE utf8mb4_unicode_ci,
  `revoked` tinyint(1) NOT NULL,
  `created_at` timestamp NULL DEFAULT NULL,
  `updated_at` timestamp NULL DEFAULT NULL,
  `expires_at` datetime DEFAULT NULL,
  PRIMARY KEY (`id`),
  KEY `oauth_access_tokens_user_id_index` (`user_id`)
) ENGINE=InnoDB DEFAULT CHARSET=utf8mb4 COLLATE=utf8mb4_unicode_ci;

CREATE TABLE `oauth_auth_codes` (
  `id` varchar(100) CHARACTER SET utf8mb4 COLLATE utf8mb4_unicode_ci NOT NULL,
  `user_id` bigint unsigned NOT NULL,
  `client_id` bigint unsigned NOT NULL,
  `scopes` text CHARACTER SET utf8mb4 COLLATE utf8mb4_unicode_ci,
  `revoked` tinyint(1) NOT NULL,
  `expires_at` datetime DEFAULT NULL,
  PRIMARY KEY (`id`),
  KEY `oauth_auth_codes_user_id_index` (`user_id`)
) ENGINE=InnoDB DEFAULT CHARSET=utf8mb4 COLLATE=utf8mb4_unicode_ci;

CREATE TABLE `oauth_clients` (
  `id` bigint unsigned NOT NULL AUTO_INCREMENT,
  `user_id` bigint unsigned DEFAULT NULL,
  `name` varchar(191) CHARACTER SET utf8mb4 COLLATE utf8mb4_unicode_ci NOT NULL,
  `secret` varchar(100) CHARACTER SET utf8mb4 COLLATE utf8mb4_unicode_ci DEFAULT NULL,
  `provider` varchar(191) CHARACTER SET utf8mb4 COLLATE utf8mb4_unicode_ci DEFAULT NULL,
  `redirect` text CHARACTER SET utf8mb4 COLLATE utf8mb4_unicode_ci NOT NULL,
  `personal_access_client` tinyint(1) NOT NULL,
  `password_client` tinyint(1) NOT NULL,
  `revoked` tinyint(1) NOT NULL,
  `created_at` timestamp NULL DEFAULT NULL,
  `updated_at` timestamp NULL DEFAULT NULL,
  PRIMARY KEY (`id`),
  KEY `oauth_clients_user_id_index` (`user_id`)
) ENGINE=InnoDB AUTO_INCREMENT=5 DEFAULT CHARSET=utf8mb4 COLLATE=utf8mb4_unicode_ci;

CREATE TABLE `oauth_personal_access_clients` (
  `id` bigint unsigned NOT NULL AUTO_INCREMENT,
  `client_id` bigint unsigned NOT NULL,
  `created_at` timestamp NULL DEFAULT NULL,
  `updated_at` timestamp NULL DEFAULT NULL,
  PRIMARY KEY (`id`)
) ENGINE=InnoDB AUTO_INCREMENT=3 DEFAULT CHARSET=utf8mb4 COLLATE=utf8mb4_unicode_ci;

CREATE TABLE `oauth_refresh_tokens` (
  `id` varchar(100) CHARACTER SET utf8mb4 COLLATE utf8mb4_unicode_ci NOT NULL,
  `access_token_id` varchar(100) CHARACTER SET utf8mb4 COLLATE utf8mb4_unicode_ci NOT NULL,
  `revoked` tinyint(1) NOT NULL,
  `expires_at` datetime DEFAULT NULL,
  PRIMARY KEY (`id`),
  KEY `oauth_refresh_tokens_access_token_id_index` (`access_token_id`)
) ENGINE=InnoDB DEFAULT CHARSET=utf8mb4 COLLATE=utf8mb4_unicode_ci;

CREATE TABLE `offer_items` (
  `id` bigint unsigned NOT NULL AUTO_INCREMENT,
  `item_id` bigint unsigned NOT NULL,
  `business_id` bigint unsigned NOT NULL,
  `current_price` double(8,2) unsigned NOT NULL DEFAULT '0.00',
  `offer_price` double(8,2) unsigned NOT NULL DEFAULT '0.00',
  `offer_percent_discount` double(8,2) unsigned NOT NULL DEFAULT '0.00',
  `offer_type` enum('normal_offer','first_purchase_offer') COLLATE utf8mb4_unicode_ci NOT NULL DEFAULT 'normal_offer',
  `start_date` date DEFAULT NULL,
  `end_date` date DEFAULT NULL,
  `is_unlimited` tinyint(1) NOT NULL DEFAULT '0',
  `is_visible` tinyint(1) NOT NULL DEFAULT '1',
  `created_by` bigint unsigned NOT NULL,
  `updated_by` bigint unsigned DEFAULT NULL,
  `deleted_by` bigint unsigned DEFAULT NULL,
  `created_at` timestamp NULL DEFAULT NULL,
  `updated_at` timestamp NULL DEFAULT NULL,
  PRIMARY KEY (`id`),
  KEY `offer_items_business_id_foreign` (`business_id`),
  KEY `offer_items_item_id_foreign` (`item_id`),
  KEY `offer_items_created_by_foreign` (`created_by`),
  KEY `offer_items_updated_by_foreign` (`updated_by`),
  KEY `offer_items_offer_type_index` (`offer_type`),
  KEY `offer_items_is_visible_index` (`is_visible`),
  CONSTRAINT `offer_items_business_id_foreign` FOREIGN KEY (`business_id`) REFERENCES `business` (`id`),
  CONSTRAINT `offer_items_created_by_foreign` FOREIGN KEY (`created_by`) REFERENCES `users` (`id`),
  CONSTRAINT `offer_items_item_id_foreign` FOREIGN KEY (`item_id`) REFERENCES `items` (`id`),
  CONSTRAINT `offer_items_updated_by_foreign` FOREIGN KEY (`updated_by`) REFERENCES `users` (`id`)
) ENGINE=InnoDB AUTO_INCREMENT=11 DEFAULT CHARSET=utf8mb4 COLLATE=utf8mb4_unicode_ci;

CREATE TABLE `order_statuses` (
  `id` bigint unsigned NOT NULL AUTO_INCREMENT,
  `transaction_id` bigint unsigned NOT NULL,
  `order_create_date` datetime NOT NULL,
  `confirmed_by_vendor_date` datetime DEFAULT NULL,
  `shipped_by_vendor_date` datetime DEFAULT NULL,
  `delivery_by_vendor_date` datetime DEFAULT NULL,
  `received_by_customer_date` datetime DEFAULT NULL,
  `feedback_by_customer_date` datetime DEFAULT NULL,
  `created_at` timestamp NULL DEFAULT NULL,
  `updated_at` timestamp NULL DEFAULT NULL,
  PRIMARY KEY (`id`),
  KEY `order_statuses_transaction_id_foreign` (`transaction_id`),
  CONSTRAINT `order_statuses_transaction_id_foreign` FOREIGN KEY (`transaction_id`) REFERENCES `transactions` (`id`)
) ENGINE=InnoDB AUTO_INCREMENT=12 DEFAULT CHARSET=utf8mb4 COLLATE=utf8mb4_unicode_ci;

CREATE TABLE `otps` (
  `id` bigint unsigned NOT NULL AUTO_INCREMENT,
  `phone_no` varchar(191) CHARACTER SET utf8mb4 COLLATE utf8mb4_unicode_ci NOT NULL,
  `otp` varchar(191) CHARACTER SET utf8mb4 COLLATE utf8mb4_unicode_ci NOT NULL,
  `expire_date` timestamp NOT NULL DEFAULT CURRENT_TIMESTAMP ON UPDATE CURRENT_TIMESTAMP,
  `created_at` timestamp NULL DEFAULT NULL,
  `updated_at` timestamp NULL DEFAULT NULL,
  PRIMARY KEY (`id`)
) ENGINE=InnoDB AUTO_INCREMENT=16 DEFAULT CHARSET=utf8mb4 COLLATE=utf8mb4_unicode_ci;

CREATE TABLE `pages` (
  `id` bigint unsigned NOT NULL AUTO_INCREMENT,
  `title` varchar(191) CHARACTER SET utf8mb4 COLLATE utf8mb4_unicode_ci NOT NULL,
  `slug` varchar(191) CHARACTER SET utf8mb4 COLLATE utf8mb4_unicode_ci NOT NULL,
  `business_id` bigint unsigned NOT NULL,
  `description` text CHARACTER SET utf8mb4 COLLATE utf8mb4_unicode_ci NOT NULL,
  `meta_description` text CHARACTER SET utf8mb4 COLLATE utf8mb4_unicode_ci,
  `image` varchar(191) CHARACTER SET utf8mb4 COLLATE utf8mb4_unicode_ci DEFAULT NULL,
  `banner_image` varchar(191) CHARACTER SET utf8mb4 COLLATE utf8mb4_unicode_ci DEFAULT NULL,
  `category_id` bigint unsigned DEFAULT NULL COMMENT 'Null if page has no category',
  `article_type_id` bigint unsigned DEFAULT NULL COMMENT 'If Article Belongs to a Type',
  `status` tinyint(1) NOT NULL DEFAULT '1' COMMENT '1=>active, 0=>inactive',
  `deleted_at` timestamp NULL DEFAULT NULL,
  `created_by` bigint unsigned DEFAULT NULL,
  `updated_by` bigint unsigned DEFAULT NULL,
  `deleted_by` bigint unsigned DEFAULT NULL,
  `total_reaction` bigint unsigned NOT NULL DEFAULT '0' COMMENT 'total reaction count',
  `created_at` timestamp NULL DEFAULT NULL,
  `updated_at` timestamp NULL DEFAULT NULL,
  PRIMARY KEY (`id`),
  UNIQUE KEY `pages_business_id_slug_unique` (`business_id`,`slug`),
  KEY `pages_created_by_foreign` (`created_by`),
  KEY `pages_updated_by_foreign` (`updated_by`),
  KEY `pages_deleted_by_foreign` (`deleted_by`),
  KEY `pages_category_id_foreign` (`category_id`),
  CONSTRAINT `pages_business_id_foreign` FOREIGN KEY (`business_id`) REFERENCES `business` (`id`),
  CONSTRAINT `pages_category_id_foreign` FOREIGN KEY (`category_id`) REFERENCES `categories` (`id`),
  CONSTRAINT `pages_created_by_foreign` FOREIGN KEY (`created_by`) REFERENCES `users` (`id`),
  CONSTRAINT `pages_deleted_by_foreign` FOREIGN KEY (`deleted_by`) REFERENCES `users` (`id`),
  CONSTRAINT `pages_updated_by_foreign` FOREIGN KEY (`updated_by`) REFERENCES `users` (`id`)
) ENGINE=InnoDB DEFAULT CHARSET=utf8mb4 COLLATE=utf8mb4_unicode_ci;

CREATE TABLE `password_resets` (
  `email` varchar(191) CHARACTER SET utf8mb4 COLLATE utf8mb4_unicode_ci NOT NULL,
  `token` varchar(191) CHARACTER SET utf8mb4 COLLATE utf8mb4_unicode_ci NOT NULL,
  `created_at` timestamp NULL DEFAULT NULL,
  KEY `password_resets_email_index` (`email`)
) ENGINE=InnoDB DEFAULT CHARSET=utf8mb4 COLLATE=utf8mb4_unicode_ci;

CREATE TABLE `payment_methods` (
  `id` bigint unsigned NOT NULL AUTO_INCREMENT,
  `name` varchar(255) CHARACTER SET utf8mb4 COLLATE utf8mb4_unicode_ci NOT NULL,
  `code` varchar(255) CHARACTER SET utf8mb4 COLLATE utf8mb4_unicode_ci NOT NULL,
  `image` varchar(255) CHARACTER SET utf8mb4 COLLATE utf8mb4_unicode_ci DEFAULT NULL,
  `description` text CHARACTER SET utf8mb4 COLLATE utf8mb4_unicode_ci,
  `created_at` timestamp NULL DEFAULT NULL,
  `updated_at` timestamp NULL DEFAULT NULL,
  PRIMARY KEY (`id`),
  UNIQUE KEY `payment_methods_code_unique` (`code`)
) ENGINE=InnoDB AUTO_INCREMENT=5 DEFAULT CHARSET=utf8mb4 COLLATE=utf8mb4_unicode_ci;

CREATE TABLE `payments` (
  `id` bigint unsigned NOT NULL AUTO_INCREMENT,
  `transaction_id` bigint unsigned NOT NULL,
  `user_id` bigint unsigned NOT NULL,
  `created_at` timestamp NULL DEFAULT NULL,
  `updated_at` timestamp NULL DEFAULT NULL,
  PRIMARY KEY (`id`)
) ENGINE=InnoDB DEFAULT CHARSET=utf8mb4 COLLATE=utf8mb4_unicode_ci;

CREATE TABLE `permissions` (
  `id` bigint unsigned NOT NULL AUTO_INCREMENT,
  `name` varchar(191) CHARACTER SET utf8mb4 COLLATE utf8mb4_unicode_ci NOT NULL,
  `group_name` varchar(191) CHARACTER SET utf8mb4 COLLATE utf8mb4_unicode_ci DEFAULT NULL,
  `guard_name` varchar(191) CHARACTER SET utf8mb4 COLLATE utf8mb4_unicode_ci NOT NULL,
  `created_at` timestamp NULL DEFAULT NULL,
  `updated_at` timestamp NULL DEFAULT NULL,
  PRIMARY KEY (`id`)
) ENGINE=InnoDB AUTO_INCREMENT=38 DEFAULT CHARSET=utf8mb4 COLLATE=utf8mb4_unicode_ci;

CREATE TABLE `poll_options` (
  `id` bigint unsigned NOT NULL AUTO_INCREMENT,
  `value` varchar(191) CHARACTER SET utf8mb4 COLLATE utf8mb4_unicode_ci DEFAULT NULL,
  `item_id` bigint unsigned DEFAULT NULL COMMENT 'if poll is associated with item comparison',
  `poll_id` bigint unsigned NOT NULL,
  `created_at` timestamp NULL DEFAULT NULL,
  `updated_at` timestamp NULL DEFAULT NULL,
  PRIMARY KEY (`id`),
  KEY `poll_options_poll_id_foreign` (`poll_id`),
  KEY `poll_options_item_id_foreign` (`item_id`),
  CONSTRAINT `poll_options_item_id_foreign` FOREIGN KEY (`item_id`) REFERENCES `items` (`id`),
  CONSTRAINT `poll_options_poll_id_foreign` FOREIGN KEY (`poll_id`) REFERENCES `polls` (`id`)
) ENGINE=InnoDB AUTO_INCREMENT=4 DEFAULT CHARSET=utf8mb4 COLLATE=utf8mb4_unicode_ci;

CREATE TABLE `poll_responses` (
  `id` bigint unsigned NOT NULL AUTO_INCREMENT,
  `poll_id` bigint unsigned NOT NULL,
  `user_id` bigint unsigned NOT NULL COMMENT 'anynomus user can give vote',
  `ip_address` varchar(45) CHARACTER SET utf8mb4 COLLATE utf8mb4_unicode_ci DEFAULT NULL COMMENT 'anynomus user can give vote',
  `poll_option_id` bigint unsigned NOT NULL,
  `created_at` timestamp NULL DEFAULT NULL,
  `updated_at` timestamp NULL DEFAULT NULL,
  PRIMARY KEY (`id`),
  KEY `poll_responses_poll_id_foreign` (`poll_id`),
  KEY `poll_responses_poll_option_id_foreign` (`poll_option_id`),
  KEY `poll_responses_user_id_foreign` (`user_id`),
  CONSTRAINT `poll_responses_poll_id_foreign` FOREIGN KEY (`poll_id`) REFERENCES `polls` (`id`),
  CONSTRAINT `poll_responses_poll_option_id_foreign` FOREIGN KEY (`poll_option_id`) REFERENCES `poll_options` (`id`),
  CONSTRAINT `poll_responses_user_id_foreign` FOREIGN KEY (`user_id`) REFERENCES `users` (`id`)
) ENGINE=InnoDB DEFAULT CHARSET=utf8mb4 COLLATE=utf8mb4_unicode_ci;

CREATE TABLE `polls` (
  `id` bigint unsigned NOT NULL AUTO_INCREMENT,
  `title` varchar(191) CHARACTER SET utf8mb4 COLLATE utf8mb4_unicode_ci NOT NULL,
  `description` varchar(191) CHARACTER SET utf8mb4 COLLATE utf8mb4_unicode_ci DEFAULT NULL,
  `slug` varchar(191) CHARACTER SET utf8mb4 COLLATE utf8mb4_unicode_ci NOT NULL,
  `image` varchar(191) CHARACTER SET utf8mb4 COLLATE utf8mb4_unicode_ci DEFAULT NULL,
  `enable_item_comparison` tinyint(1) NOT NULL DEFAULT '1' COMMENT 'If item comparison is enable, then user need to input for item1 and item2',
  `type` enum('radio','checkbox','select','text') CHARACTER SET utf8mb4 COLLATE utf8mb4_unicode_ci NOT NULL DEFAULT 'radio' COMMENT 'Process of voting system',
  `status` tinyint(1) NOT NULL DEFAULT '1' COMMENT '1=>active, 0=>inactive',
  `deleted_at` timestamp NULL DEFAULT NULL,
  `created_by` bigint unsigned DEFAULT NULL,
  `updated_by` bigint unsigned DEFAULT NULL,
  `deleted_by` bigint unsigned DEFAULT NULL,
  `created_at` timestamp NULL DEFAULT NULL,
  `updated_at` timestamp NULL DEFAULT NULL,
  PRIMARY KEY (`id`),
  KEY `polls_created_by_foreign` (`created_by`),
  KEY `polls_updated_by_foreign` (`updated_by`),
  KEY `polls_deleted_by_foreign` (`deleted_by`),
  CONSTRAINT `polls_created_by_foreign` FOREIGN KEY (`created_by`) REFERENCES `users` (`id`),
  CONSTRAINT `polls_deleted_by_foreign` FOREIGN KEY (`deleted_by`) REFERENCES `users` (`id`),
  CONSTRAINT `polls_updated_by_foreign` FOREIGN KEY (`updated_by`) REFERENCES `users` (`id`)
) ENGINE=InnoDB AUTO_INCREMENT=3 DEFAULT CHARSET=utf8mb4 COLLATE=utf8mb4_unicode_ci;

CREATE TABLE `referral_rules` (
  `id` bigint unsigned NOT NULL AUTO_INCREMENT,
  `enable_registration_referral` tinyint(1) NOT NULL DEFAULT '0',
  `registration_referral_amount` double(8,2) NOT NULL DEFAULT '0.00' COMMENT 'Registration Referral Amount',
  `enable_purchase_referral` tinyint(1) NOT NULL DEFAULT '0',
  `purchase_referral_amount` double(8,2) NOT NULL DEFAULT '0.00' COMMENT 'purchase Referral Amount',
  `purchase_referral_amount_type` enum('fixed','purchase','item') CHARACTER SET utf8mb4 COLLATE utf8mb4_unicode_ci NOT NULL DEFAULT 'fixed' COMMENT 'purchase Referral Amount purchase_referral_amount_type',
  `created_at` timestamp NULL DEFAULT NULL,
  `updated_at` timestamp NULL DEFAULT NULL,
  PRIMARY KEY (`id`)
) ENGINE=InnoDB DEFAULT CHARSET=utf8mb4 COLLATE=utf8mb4_unicode_ci;

CREATE TABLE `referrals` (
  `id` bigint unsigned NOT NULL AUTO_INCREMENT,
  `referee_id` bigint unsigned NOT NULL COMMENT 'Who Registered',
  `referrer_id` bigint unsigned NOT NULL COMMENT 'By Whom Registered',
  `source_link` varchar(191) CHARACTER SET utf8mb4 COLLATE utf8mb4_unicode_ci DEFAULT NULL,
  `referral_date_time` datetime DEFAULT NULL,
  `created_at` timestamp NULL DEFAULT NULL,
  `updated_at` timestamp NULL DEFAULT NULL,
  PRIMARY KEY (`id`)
) ENGINE=InnoDB DEFAULT CHARSET=utf8mb4 COLLATE=utf8mb4_unicode_ci;

CREATE TABLE `role_has_permissions` (
  `permission_id` bigint unsigned NOT NULL,
  `role_id` bigint unsigned NOT NULL,
  PRIMARY KEY (`permission_id`,`role_id`),
  KEY `role_has_permissions_role_id_foreign` (`role_id`),
  CONSTRAINT `role_has_permissions_permission_id_foreign` FOREIGN KEY (`permission_id`) REFERENCES `permissions` (`id`) ON DELETE CASCADE,
  CONSTRAINT `role_has_permissions_role_id_foreign` FOREIGN KEY (`role_id`) REFERENCES `roles` (`id`) ON DELETE CASCADE
) ENGINE=InnoDB DEFAULT CHARSET=utf8mb4 COLLATE=utf8mb4_unicode_ci;

CREATE TABLE `roles` (
  `id` bigint unsigned NOT NULL AUTO_INCREMENT,
  `name` varchar(191) CHARACTER SET utf8mb4 COLLATE utf8mb4_unicode_ci NOT NULL,
  `guard_name` varchar(191) CHARACTER SET utf8mb4 COLLATE utf8mb4_unicode_ci NOT NULL,
  `created_at` timestamp NULL DEFAULT NULL,
  `updated_at` timestamp NULL DEFAULT NULL,
  PRIMARY KEY (`id`)
) ENGINE=InnoDB AUTO_INCREMENT=5 DEFAULT CHARSET=utf8mb4 COLLATE=utf8mb4_unicode_ci;

CREATE TABLE `sliders` (
  `id` bigint unsigned NOT NULL AUTO_INCREMENT,
  `title` varchar(191) CHARACTER SET utf8mb4 COLLATE utf8mb4_unicode_ci NOT NULL,
  `description` text CHARACTER SET utf8mb4 COLLATE utf8mb4_unicode_ci,
  `business_id` bigint unsigned NOT NULL,
  `image` varchar(191) CHARACTER SET utf8mb4 COLLATE utf8mb4_unicode_ci DEFAULT NULL,
  `is_text_enable` tinyint(1) NOT NULL DEFAULT '1',
  `text` varchar(191) CHARACTER SET utf8mb4 COLLATE utf8mb4_unicode_ci DEFAULT NULL,
  `text_color` varchar(191) CHARACTER SET utf8mb4 COLLATE utf8mb4_unicode_ci DEFAULT NULL,
  `is_button_enable` tinyint(1) NOT NULL DEFAULT '1',
  `button_text` varchar(191) CHARACTER SET utf8mb4 COLLATE utf8mb4_unicode_ci DEFAULT NULL,
  `button_link` varchar(191) CHARACTER SET utf8mb4 COLLATE utf8mb4_unicode_ci DEFAULT NULL,
  `button_color` varchar(191) CHARACTER SET utf8mb4 COLLATE utf8mb4_unicode_ci DEFAULT NULL,
  `status` tinyint(1) NOT NULL DEFAULT '1',
  `priority` int NOT NULL DEFAULT '1',
  `created_at` timestamp NULL DEFAULT NULL,
  `updated_at` timestamp NULL DEFAULT NULL,
  PRIMARY KEY (`id`),
  KEY `sliders_business_id_foreign` (`business_id`),
  CONSTRAINT `sliders_business_id_foreign` FOREIGN KEY (`business_id`) REFERENCES `business` (`id`)
) ENGINE=InnoDB AUTO_INCREMENT=19 DEFAULT CHARSET=utf8mb4 COLLATE=utf8mb4_unicode_ci;

CREATE TABLE `sms` (
  `id` bigint unsigned NOT NULL AUTO_INCREMENT,
  `number` varchar(191) CHARACTER SET utf8mb4 COLLATE utf8mb4_unicode_ci NOT NULL,
  `sms` text CHARACTER SET utf8mb4 COLLATE utf8mb4_unicode_ci NOT NULL,
  `created_at` timestamp NULL DEFAULT NULL,
  `updated_at` timestamp NULL DEFAULT NULL,
  PRIMARY KEY (`id`)
) ENGINE=InnoDB DEFAULT CHARSET=utf8mb4 COLLATE=utf8mb4_unicode_ci;

CREATE TABLE `suppliers` (
  `id` bigint unsigned NOT NULL AUTO_INCREMENT,
  `business_id` bigint unsigned NOT NULL,
  `supplier_business_name` varchar(191) CHARACTER SET utf8mb4 COLLATE utf8mb4_unicode_ci DEFAULT NULL,
  `bin` varchar(191) CHARACTER SET utf8mb4 COLLATE utf8mb4_unicode_ci DEFAULT NULL COMMENT 'BIN = Business Identification Number',
  `name` varchar(191) CHARACTER SET utf8mb4 COLLATE utf8mb4_unicode_ci NOT NULL,
  `profile` varchar(191) CHARACTER SET utf8mb4 COLLATE utf8mb4_unicode_ci DEFAULT NULL,
  `banner` varchar(191) CHARACTER SET utf8mb4 COLLATE utf8mb4_unicode_ci DEFAULT NULL,
  `tax_number` varchar(191) CHARACTER SET utf8mb4 COLLATE utf8mb4_unicode_ci DEFAULT NULL,
  `city` varchar(191) CHARACTER SET utf8mb4 COLLATE utf8mb4_unicode_ci DEFAULT NULL,
  `state` varchar(191) CHARACTER SET utf8mb4 COLLATE utf8mb4_unicode_ci DEFAULT NULL,
  `country` varchar(191) CHARACTER SET utf8mb4 COLLATE utf8mb4_unicode_ci DEFAULT NULL,
  `landmark` varchar(191) CHARACTER SET utf8mb4 COLLATE utf8mb4_unicode_ci DEFAULT NULL,
  `mobile` varchar(191) CHARACTER SET utf8mb4 COLLATE utf8mb4_unicode_ci NOT NULL,
  `landline` varchar(191) CHARACTER SET utf8mb4 COLLATE utf8mb4_unicode_ci DEFAULT NULL,
  `alternate_number` varchar(191) CHARACTER SET utf8mb4 COLLATE utf8mb4_unicode_ci DEFAULT NULL,
  `pay_term_number` bigint unsigned DEFAULT NULL,
  `pay_term_type` enum('days','months') CHARACTER SET utf8mb4 COLLATE utf8mb4_unicode_ci DEFAULT NULL,
  `created_by` bigint unsigned NOT NULL,
  `is_default` tinyint(1) NOT NULL DEFAULT '0',
  `deleted_at` timestamp NULL DEFAULT NULL,
  `created_at` timestamp NULL DEFAULT NULL,
  `updated_at` timestamp NULL DEFAULT NULL,
  PRIMARY KEY (`id`),
  KEY `suppliers_business_id_foreign` (`business_id`),
  KEY `suppliers_created_by_foreign` (`created_by`),
  CONSTRAINT `suppliers_business_id_foreign` FOREIGN KEY (`business_id`) REFERENCES `business` (`id`),
  CONSTRAINT `suppliers_created_by_foreign` FOREIGN KEY (`created_by`) REFERENCES `users` (`id`)
) ENGINE=InnoDB DEFAULT CHARSET=utf8mb4 COLLATE=utf8mb4_unicode_ci;

CREATE TABLE `tax_rates` (
  `id` bigint unsigned NOT NULL AUTO_INCREMENT,
  `business_id` bigint unsigned NOT NULL,
  `name` varchar(191) CHARACTER SET utf8mb4 COLLATE utf8mb4_unicode_ci NOT NULL,
  `calculation_type` enum('fixed','percentage') CHARACTER SET utf8mb4 COLLATE utf8mb4_unicode_ci NOT NULL DEFAULT 'percentage',
  `amount` double(8,2) NOT NULL,
  `is_tax_group` tinyint(1) NOT NULL DEFAULT '0',
  `rounding_type` enum('up','down','normal') CHARACTER SET utf8mb4 COLLATE utf8mb4_unicode_ci NOT NULL DEFAULT 'normal',
  `created_by` bigint unsigned NOT NULL,
  `deleted_at` timestamp NULL DEFAULT NULL,
  `created_at` timestamp NULL DEFAULT NULL,
  `updated_at` timestamp NULL DEFAULT NULL,
  PRIMARY KEY (`id`),
  KEY `tax_rates_business_id_foreign` (`business_id`),
  KEY `tax_rates_created_by_foreign` (`created_by`),
  CONSTRAINT `tax_rates_business_id_foreign` FOREIGN KEY (`business_id`) REFERENCES `business` (`id`),
  CONSTRAINT `tax_rates_created_by_foreign` FOREIGN KEY (`created_by`) REFERENCES `users` (`id`)
) ENGINE=InnoDB AUTO_INCREMENT=2 DEFAULT CHARSET=utf8mb4 COLLATE=utf8mb4_unicode_ci;

CREATE TABLE `transaction_details` (
  `id` bigint unsigned NOT NULL AUTO_INCREMENT,
  `business_id` bigint unsigned NOT NULL,
  `user_id` bigint unsigned NOT NULL,
  `gift_card_id` bigint unsigned NOT NULL,
  `order_quantity` varchar(255) COLLATE utf8mb4_unicode_ci DEFAULT NULL,
  `paid_total` decimal(8,2) NOT NULL DEFAULT '0.00',
  `payment_status` enum('paid','due') COLLATE utf8mb4_unicode_ci NOT NULL,
  `transaction_date` datetime NOT NULL,
  `created_at` timestamp NULL DEFAULT NULL,
  `updated_at` timestamp NULL DEFAULT NULL,
  PRIMARY KEY (`id`),
  KEY `transaction_details_business_id_foreign` (`business_id`),
  KEY `transaction_details_user_id_foreign` (`user_id`),
  KEY `transaction_details_gift_card_id_foreign` (`gift_card_id`),
  CONSTRAINT `transaction_details_business_id_foreign` FOREIGN KEY (`business_id`) REFERENCES `business` (`id`),
  CONSTRAINT `transaction_details_gift_card_id_foreign` FOREIGN KEY (`gift_card_id`) REFERENCES `gift_cards` (`id`),
  CONSTRAINT `transaction_details_user_id_foreign` FOREIGN KEY (`user_id`) REFERENCES `users` (`id`)
) ENGINE=InnoDB DEFAULT CHARSET=utf8mb4 COLLATE=utf8mb4_unicode_ci;

CREATE TABLE `transaction_sell_lines` (
  `id` bigint unsigned NOT NULL AUTO_INCREMENT,
  `transaction_id` bigint unsigned NOT NULL,
  `item_id` bigint unsigned NOT NULL,
  `business_id` bigint unsigned NOT NULL,
  `quantity` int NOT NULL,
  `unit_price` decimal(8,2) DEFAULT NULL COMMENT 'Sell price excluding tax',
  `unit_price_inc_tax` decimal(8,2) DEFAULT NULL COMMENT 'Sell price including tax',
  `discount_amount` double(8,2) NOT NULL DEFAULT '0.00',
  `item_tax` decimal(8,2) NOT NULL COMMENT 'Tax for one quantity',
  `created_by` bigint unsigned NOT NULL,
  `created_at` timestamp NULL DEFAULT NULL,
  `updated_at` timestamp NULL DEFAULT NULL,
  PRIMARY KEY (`id`),
  KEY `transaction_sell_lines_business_id_foreign` (`business_id`),
  KEY `transaction_sell_lines_transaction_id_foreign` (`transaction_id`),
  KEY `transaction_sell_lines_item_id_foreign` (`item_id`),
  KEY `transaction_sell_lines_created_by_foreign` (`created_by`),
  CONSTRAINT `transaction_sell_lines_business_id_foreign` FOREIGN KEY (`business_id`) REFERENCES `business` (`id`),
  CONSTRAINT `transaction_sell_lines_created_by_foreign` FOREIGN KEY (`created_by`) REFERENCES `users` (`id`),
  CONSTRAINT `transaction_sell_lines_item_id_foreign` FOREIGN KEY (`item_id`) REFERENCES `items` (`id`),
  CONSTRAINT `transaction_sell_lines_transaction_id_foreign` FOREIGN KEY (`transaction_id`) REFERENCES `transactions` (`id`)
) ENGINE=InnoDB AUTO_INCREMENT=21 DEFAULT CHARSET=utf8mb4 COLLATE=utf8mb4_unicode_ci;

CREATE TABLE `transactions` (
  `id` bigint unsigned NOT NULL AUTO_INCREMENT,
  `business_id` bigint unsigned NOT NULL,
  `type` enum('purchase','sell','opening_stock','purchase_return','sell_return','cashback','cashback_transfer_wallet','voucher','voucher_transfer_wallet','gift_card','gift_card_transfer_wallet','referrel','referrel_transfer_wallet') CHARACTER SET utf8mb4 COLLATE utf8mb4_unicode_ci NOT NULL,
  `status` tinyint(1) NOT NULL DEFAULT '1' COMMENT '1=>active, 0=>inactive',
  `delivery_status` enum('delivered','not_delivered') CHARACTER SET utf8mb4 COLLATE utf8mb4_unicode_ci NOT NULL,
  `payment_status` enum('paid','due') CHARACTER SET utf8mb4 COLLATE utf8mb4_unicode_ci NOT NULL,
  `title` varchar(191) CHARACTER SET utf8mb4 COLLATE utf8mb4_unicode_ci DEFAULT NULL COMMENT 'Title needed for all other transactions which needs to store a default title',
  `invoice_no` varchar(191) CHARACTER SET utf8mb4 COLLATE utf8mb4_unicode_ci DEFAULT NULL,
  `ref_no` varchar(191) CHARACTER SET utf8mb4 COLLATE utf8mb4_unicode_ci DEFAULT NULL,
  `transaction_date` datetime NOT NULL,
  `total_before_tax` decimal(8,2) NOT NULL DEFAULT '0.00' COMMENT 'Total before the purchase/invoice tax, this includeds the indivisual product tax',
  `tax_amount` decimal(8,2) NOT NULL DEFAULT '0.00',
  `discount_type_id` bigint unsigned NOT NULL,
  `tax_id` bigint unsigned NOT NULL,
  `discount_amount` varchar(10) CHARACTER SET utf8mb4 COLLATE utf8mb4_unicode_ci DEFAULT NULL,
  `shipping_details` varchar(191) CHARACTER SET utf8mb4 COLLATE utf8mb4_unicode_ci DEFAULT NULL,
  `order_quantity` varchar(191) CHARACTER SET utf8mb4 COLLATE utf8mb4_unicode_ci DEFAULT NULL,
  `shipping_charges` decimal(8,2) NOT NULL DEFAULT '0.00',
  `additional_notes` text CHARACTER SET utf8mb4 COLLATE utf8mb4_unicode_ci,
  `staff_note` text CHARACTER SET utf8mb4 COLLATE utf8mb4_unicode_ci,
  `paid_total` decimal(8,2) NOT NULL DEFAULT '0.00',
  `due_total` decimal(8,2) NOT NULL DEFAULT '0.00',
  `final_total` decimal(8,2) NOT NULL DEFAULT '0.00',
  `created_by` bigint unsigned NOT NULL,
  `deleted_at` varchar(191) CHARACTER SET utf8mb4 COLLATE utf8mb4_unicode_ci DEFAULT NULL,
  `created_at` timestamp NULL DEFAULT NULL,
  `updated_at` timestamp NULL DEFAULT NULL,
  PRIMARY KEY (`id`),
  KEY `transactions_business_id_foreign` (`business_id`),
  KEY `transactions_discount_type_id_foreign` (`discount_type_id`),
  KEY `transactions_tax_id_foreign` (`tax_id`),
  KEY `transactions_created_by_foreign` (`created_by`),
  KEY `transactions_type_index` (`type`),
  CONSTRAINT `transactions_business_id_foreign` FOREIGN KEY (`business_id`) REFERENCES `business` (`id`),
  CONSTRAINT `transactions_created_by_foreign` FOREIGN KEY (`created_by`) REFERENCES `users` (`id`),
  CONSTRAINT `transactions_discount_type_id_foreign` FOREIGN KEY (`discount_type_id`) REFERENCES `discount_types` (`id`),
  CONSTRAINT `transactions_tax_id_foreign` FOREIGN KEY (`tax_id`) REFERENCES `tax_rates` (`id`)
) ENGINE=InnoDB AUTO_INCREMENT=12 DEFAULT CHARSET=utf8mb4 COLLATE=utf8mb4_unicode_ci;

CREATE TABLE `units` (
  `id` bigint unsigned NOT NULL AUTO_INCREMENT,
  `business_id` bigint unsigned NOT NULL,
  `actual_name` varchar(191) CHARACTER SET utf8mb4 COLLATE utf8mb4_unicode_ci NOT NULL,
  `short_name` varchar(191) CHARACTER SET utf8mb4 COLLATE utf8mb4_unicode_ci NOT NULL,
  `allow_decimal` tinyint(1) NOT NULL,
  `created_by` bigint unsigned NOT NULL,
  `deleted_at` timestamp NULL DEFAULT NULL,
  `created_at` timestamp NULL DEFAULT NULL,
  `updated_at` timestamp NULL DEFAULT NULL,
  PRIMARY KEY (`id`),
  KEY `units_business_id_foreign` (`business_id`),
  KEY `units_created_by_foreign` (`created_by`),
  CONSTRAINT `units_business_id_foreign` FOREIGN KEY (`business_id`) REFERENCES `business` (`id`),
  CONSTRAINT `units_created_by_foreign` FOREIGN KEY (`created_by`) REFERENCES `users` (`id`)
) ENGINE=InnoDB AUTO_INCREMENT=2 DEFAULT CHARSET=utf8mb4 COLLATE=utf8mb4_unicode_ci;

CREATE TABLE `users` (
  `id` bigint unsigned NOT NULL AUTO_INCREMENT,
  `business_id` bigint unsigned DEFAULT NULL COMMENT 'It will be null if user is totally new',
  `first_name` varchar(191) CHARACTER SET utf8mb4 COLLATE utf8mb4_unicode_ci NOT NULL,
  `surname` varchar(191) CHARACTER SET utf8mb4 COLLATE utf8mb4_unicode_ci DEFAULT NULL,
  `last_name` varchar(191) CHARACTER SET utf8mb4 COLLATE utf8mb4_unicode_ci DEFAULT NULL,
  `username` varchar(191) CHARACTER SET utf8mb4 COLLATE utf8mb4_unicode_ci NOT NULL,
  `email` varchar(191) CHARACTER SET utf8mb4 COLLATE utf8mb4_unicode_ci DEFAULT NULL,
  `phone_no` varchar(191) CHARACTER SET utf8mb4 COLLATE utf8mb4_unicode_ci DEFAULT NULL,
  `password` varchar(191) CHARACTER SET utf8mb4 COLLATE utf8mb4_unicode_ci NOT NULL,
  `language` char(4) CHARACTER SET utf8mb4 COLLATE utf8mb4_unicode_ci NOT NULL DEFAULT 'en',
  `avatar` varchar(191) CHARACTER SET utf8mb4 COLLATE utf8mb4_unicode_ci DEFAULT NULL,
  `banner` varchar(191) CHARACTER SET utf8mb4 COLLATE utf8mb4_unicode_ci DEFAULT NULL,
  `remember_token` varchar(100) CHARACTER SET utf8mb4 COLLATE utf8mb4_unicode_ci DEFAULT NULL,
  `type` enum('customer','vendor','','') CHARACTER SET utf8mb4 COLLATE utf8mb4_unicode_ci NOT NULL DEFAULT 'customer',
  `status` enum('active','inactive','banned','account_deleted') CHARACTER SET utf8mb4 COLLATE utf8mb4_unicode_ci NOT NULL DEFAULT 'inactive',
  `deleted_at` timestamp NULL DEFAULT NULL,
  `created_at` timestamp NULL DEFAULT NULL,
  `updated_at` timestamp NULL DEFAULT NULL,
  PRIMARY KEY (`id`),
  UNIQUE KEY `users_username_unique` (`username`),
  KEY `users_business_id_index` (`business_id`)
) ENGINE=InnoDB AUTO_INCREMENT=33 DEFAULT CHARSET=utf8mb4 COLLATE=utf8mb4_unicode_ci;

CREATE TABLE `voucher_transactions` (
  `id` bigint unsigned NOT NULL AUTO_INCREMENT,
  `user_id` bigint unsigned NOT NULL,
  `voucher_id` bigint unsigned NOT NULL,
  `transaction_id` bigint unsigned NOT NULL,
  `price_value_for` double(8,2) NOT NULL DEFAULT '0.00',
  `change_price_value` double(8,2) NOT NULL DEFAULT '0.00',
  `created_at` timestamp NULL DEFAULT NULL,
  `updated_at` timestamp NULL DEFAULT NULL,
  PRIMARY KEY (`id`),
  KEY `voucher_transactions_transaction_id_foreign` (`transaction_id`),
  KEY `voucher_transactions_voucher_id_foreign` (`voucher_id`),
  KEY `voucher_transactions_user_id_foreign` (`user_id`),
  CONSTRAINT `voucher_transactions_transaction_id_foreign` FOREIGN KEY (`transaction_id`) REFERENCES `transactions` (`id`),
  CONSTRAINT `voucher_transactions_user_id_foreign` FOREIGN KEY (`user_id`) REFERENCES `users` (`id`),
  CONSTRAINT `voucher_transactions_voucher_id_foreign` FOREIGN KEY (`voucher_id`) REFERENCES `vouchers` (`id`)
) ENGINE=InnoDB DEFAULT CHARSET=utf8mb4 COLLATE=utf8mb4_unicode_ci;

CREATE TABLE `vouchers` (
  `id` bigint unsigned NOT NULL AUTO_INCREMENT,
  `title` varchar(191) CHARACTER SET utf8mb4 COLLATE utf8mb4_unicode_ci NOT NULL,
  `slug` varchar(191) CHARACTER SET utf8mb4 COLLATE utf8mb4_unicode_ci NOT NULL,
  `image` varchar(191) CHARACTER SET utf8mb4 COLLATE utf8mb4_unicode_ci DEFAULT NULL,
  `price_value_for` double(8,2) NOT NULL DEFAULT '0.00' COMMENT 'What Price value it will take from customer',
  `change_price_value` double(8,2) NOT NULL DEFAULT '0.00' COMMENT 'What Price will return customer as card value',
  `status` tinyint(1) NOT NULL DEFAULT '1' COMMENT '1=>active, 0=>inactive',
  `description` text CHARACTER SET utf8mb4 COLLATE utf8mb4_unicode_ci,
  `deleted_at` timestamp NULL DEFAULT NULL,
  `created_by` bigint unsigned DEFAULT NULL,
  `updated_by` bigint unsigned DEFAULT NULL,
  `deleted_by` bigint unsigned DEFAULT NULL,
  `created_at` timestamp NULL DEFAULT NULL,
  `updated_at` timestamp NULL DEFAULT NULL,
  PRIMARY KEY (`id`),
  KEY `vouchers_created_by_foreign` (`created_by`),
  KEY `vouchers_updated_by_foreign` (`updated_by`),
  KEY `vouchers_deleted_by_foreign` (`deleted_by`),
  CONSTRAINT `vouchers_created_by_foreign` FOREIGN KEY (`created_by`) REFERENCES `users` (`id`),
  CONSTRAINT `vouchers_deleted_by_foreign` FOREIGN KEY (`deleted_by`) REFERENCES `users` (`id`),
  CONSTRAINT `vouchers_updated_by_foreign` FOREIGN KEY (`updated_by`) REFERENCES `users` (`id`)
) ENGINE=InnoDB AUTO_INCREMENT=3 DEFAULT CHARSET=utf8mb4 COLLATE=utf8mb4_unicode_ci;

CREATE TABLE `websockets_statistics_entries` (
  `id` int unsigned NOT NULL AUTO_INCREMENT,
  `app_id` varchar(191) CHARACTER SET utf8mb4 COLLATE utf8mb4_unicode_ci NOT NULL,
  `peak_connection_count` int NOT NULL,
  `websocket_message_count` int NOT NULL,
  `api_message_count` int NOT NULL,
  `created_at` timestamp NULL DEFAULT NULL,
  `updated_at` timestamp NULL DEFAULT NULL,
  PRIMARY KEY (`id`)
) ENGINE=InnoDB DEFAULT CHARSET=utf8mb4 COLLATE=utf8mb4_unicode_ci;

CREATE TABLE `wishlists` (
  `id` bigint unsigned NOT NULL AUTO_INCREMENT,
  `user_id` bigint unsigned NOT NULL,
  `item_id` bigint unsigned NOT NULL,
  `created_at` timestamp NULL DEFAULT NULL,
  `updated_at` timestamp NULL DEFAULT NULL,
  PRIMARY KEY (`id`),
  KEY `wishlists_user_id_foreign` (`user_id`),
  KEY `wishlists_item_id_foreign` (`item_id`),
  CONSTRAINT `wishlists_item_id_foreign` FOREIGN KEY (`item_id`) REFERENCES `items` (`id`),
  CONSTRAINT `wishlists_user_id_foreign` FOREIGN KEY (`user_id`) REFERENCES `users` (`id`)
) ENGINE=InnoDB AUTO_INCREMENT=21 DEFAULT CHARSET=utf8mb4 COLLATE=utf8mb4_unicode_ci;

INSERT INTO `addresses` (`id`, `type`, `user_id`, `transaction_id`, `country_id`, `country`, `city_id`, `city`, `area_id`, `area`, `street1`, `street2`, `is_default`, `created_at`, `updated_at`) VALUES
(1, 'billing_address', 1, NULL, 19, 'Bangladesh', 1, 'Dhaka', 1, 'Dhaka', 'Dhaka', 'Dhaka', 1, '2021-04-04 18:54:49', '2021-04-04 18:54:49'),
(2, 'billing_address', 1, NULL, 19, 'Bangladesh', 1, 'Dhaka', 1, 'Dhaka', 'Dhaka', 'Dhaka', 1, '2021-04-04 18:56:43', '2021-04-04 18:56:43'),
(3, 'billing_address', 1, NULL, 19, 'Bangladesh ()', 1, 'Comilla', 1, 'Debidwar', 'Dhaka', 'Dhaka', 1, '2021-04-04 18:58:49', '2021-04-04 18:58:49'),
(4, 'billing_address', NULL, 10, 19, 'Bangladesh ()', 1, 'Comilla', 1, 'Debidwar', 'Dhaka', 'Dhaka', 1, '2021-04-04 18:59:17', '2021-04-04 18:59:17'),
(5, 'shipping_address', 1, NULL, 19, 'Bangladesh ()', 1, 'Comilla', 1, 'Debidwar', 'Dhaka', 'Dhaka', 1, '2021-04-04 19:03:21', '2021-04-04 19:03:21');

INSERT INTO `areas` (`id`, `name`, `bn_name`, `city_id`, `priority`, `status`, `lat`, `lon`, `url`, `created_at`, `updated_at`) VALUES
(1, 'Debidwar', '', 1, 0, 1, NULL, NULL, 'debidwar.comilla.gov.bd', NULL, NULL),
(2, 'Barura', '', 1, 0, 1, NULL, NULL, 'barura.comilla.gov.bd', NULL, NULL),
(3, 'Brahmanpara', '', 1, 0, 1, NULL, NULL, 'brahmanpara.comilla.gov.bd', NULL, NULL),
(4, 'Chandina', '', 1, 0, 1, NULL, NULL, 'chandina.comilla.gov.bd', NULL, NULL),
(5, 'Chauddagram', '', 1, 0, 1, NULL, NULL, 'chauddagram.comilla.gov.bd', NULL, NULL),
(6, 'Daudkandi', '', 1, 0, 1, NULL, NULL, 'daudkandi.comilla.gov.bd', NULL, NULL),
(7, 'Homna', '', 1, 0, 1, NULL, NULL, 'homna.comilla.gov.bd', NULL, NULL),
(8, 'Laksam', '', 1, 0, 1, NULL, NULL, 'laksam.comilla.gov.bd', NULL, NULL),
(9, 'Muradnagar', '', 1, 0, 1, NULL, NULL, 'muradnagar.comilla.gov.bd', NULL, NULL),
(10, 'Nangalkot', '', 1, 0, 1, NULL, NULL, 'nangalkot.comilla.gov.bd', NULL, NULL),
(11, 'Comilla Sadar', ' ', 1, 0, 1, NULL, NULL, 'comillasadar.comilla.gov.bd', NULL, NULL),
(12, 'Meghna', '', 1, 0, 1, NULL, NULL, 'meghna.comilla.gov.bd', NULL, NULL),
(13, 'Monohargonj', '', 1, 0, 1, NULL, NULL, 'monohargonj.comilla.gov.bd', NULL, NULL),
(14, 'Sadarsouth', ' ', 1, 0, 1, NULL, NULL, 'sadarsouth.comilla.gov.bd', NULL, NULL),
(15, 'Titas', '', 1, 0, 1, NULL, NULL, 'titas.comilla.gov.bd', NULL, NULL),
(16, 'Burichang', '', 1, 0, 1, NULL, NULL, 'burichang.comilla.gov.bd', NULL, NULL),
(17, 'Lalmai', '', 1, 0, 1, NULL, NULL, 'lalmai.comilla.gov.bd', NULL, NULL),
(18, 'Chhagalnaiya', '', 2, 0, 1, NULL, NULL, 'chhagalnaiya.feni.gov.bd', NULL, NULL),
(19, 'Feni Sadar', ' ', 2, 0, 1, NULL, NULL, 'sadar.feni.gov.bd', NULL, NULL),
(20, 'Sonagazi', '', 2, 0, 1, NULL, NULL, 'sonagazi.feni.gov.bd', NULL, NULL),
(21, 'Fulgazi', '', 2, 0, 1, NULL, NULL, 'fulgazi.feni.gov.bd', NULL, NULL),
(22, 'Parshuram', '', 2, 0, 1, NULL, NULL, 'parshuram.feni.gov.bd', NULL, NULL),
(23, 'Daganbhuiyan', '', 2, 0, 1, NULL, NULL, 'daganbhuiyan.feni.gov.bd', NULL, NULL),
(24, 'Brahmanbaria Sadar', ' ', 3, 0, 1, NULL, NULL, 'sadar.brahmanbaria.gov.bd', NULL, NULL),
(25, 'Kasba', '', 3, 0, 1, NULL, NULL, 'kasba.brahmanbaria.gov.bd', NULL, NULL),
(26, 'Nasirnagar', '', 3, 0, 1, NULL, NULL, 'nasirnagar.brahmanbaria.gov.bd', NULL, NULL),
(27, 'Sarail', '', 3, 0, 1, NULL, NULL, 'sarail.brahmanbaria.gov.bd', NULL, NULL),
(28, 'Ashuganj', '', 3, 0, 1, NULL, NULL, 'ashuganj.brahmanbaria.gov.bd', NULL, NULL),
(29, 'Akhaura', '', 3, 0, 1, NULL, NULL, 'akhaura.brahmanbaria.gov.bd', NULL, NULL),
(30, 'Nabinagar', '', 3, 0, 1, NULL, NULL, 'nabinagar.brahmanbaria.gov.bd', NULL, NULL),
(31, 'Bancharampur', '', 3, 0, 1, NULL, NULL, 'bancharampur.brahmanbaria.gov.bd', NULL, NULL),
(32, 'Bijoynagar', '', 3, 0, 1, NULL, NULL, 'bijoynagar.brahmanbaria.gov.bd    ', NULL, NULL),
(33, 'Rangamati Sadar', ' ', 4, 0, 1, NULL, NULL, 'sadar.rangamati.gov.bd', NULL, NULL),
(34, 'Kaptai', '', 4, 0, 1, NULL, NULL, 'kaptai.rangamati.gov.bd', NULL, NULL),
(35, 'Kawkhali', '', 4, 0, 1, NULL, NULL, 'kawkhali.rangamati.gov.bd', NULL, NULL),
(36, 'Baghaichari', '', 4, 0, 1, NULL, NULL, 'baghaichari.rangamati.gov.bd', NULL, NULL),
(37, 'Barkal', '', 4, 0, 1, NULL, NULL, 'barkal.rangamati.gov.bd', NULL, NULL),
(38, 'Langadu', '', 4, 0, 1, NULL, NULL, 'langadu.rangamati.gov.bd', NULL, NULL),
(39, 'Rajasthali', '', 4, 0, 1, NULL, NULL, 'rajasthali.rangamati.gov.bd', NULL, NULL),
(40, 'Belaichari', '', 4, 0, 1, NULL, NULL, 'belaichari.rangamati.gov.bd', NULL, NULL),
(41, 'Juraichari', '', 4, 0, 1, NULL, NULL, 'juraichari.rangamati.gov.bd', NULL, NULL),
(42, 'Naniarchar', '', 4, 0, 1, NULL, NULL, 'naniarchar.rangamati.gov.bd', NULL, NULL),
(43, 'Noakhali Sadar', ' ', 5, 0, 1, NULL, NULL, 'sadar.noakhali.gov.bd', NULL, NULL),
(44, 'Companiganj', '', 5, 0, 1, NULL, NULL, 'companiganj.noakhali.gov.bd', NULL, NULL),
(45, 'Begumganj', '', 5, 0, 1, NULL, NULL, 'begumganj.noakhali.gov.bd', NULL, NULL),
(46, 'Hatia', '', 5, 0, 1, NULL, NULL, 'hatia.noakhali.gov.bd', NULL, NULL),
(47, 'Subarnachar', '', 5, 0, 1, NULL, NULL, 'subarnachar.noakhali.gov.bd', NULL, NULL),
(48, 'Kabirhat', '', 5, 0, 1, NULL, NULL, 'kabirhat.noakhali.gov.bd', NULL, NULL),
(49, 'Senbug', '', 5, 0, 1, NULL, NULL, 'senbug.noakhali.gov.bd', NULL, NULL),
(50, 'Chatkhil', '', 5, 0, 1, NULL, NULL, 'chatkhil.noakhali.gov.bd', NULL, NULL),
(51, 'Sonaimori', '', 5, 0, 1, NULL, NULL, 'sonaimori.noakhali.gov.bd', NULL, NULL),
(52, 'Haimchar', '', 6, 0, 1, NULL, NULL, 'haimchar.chandpur.gov.bd', NULL, NULL),
(53, 'Kachua', '', 6, 0, 1, NULL, NULL, 'kachua.chandpur.gov.bd', NULL, NULL),
(54, 'Shahrasti', '	', 6, 0, 1, NULL, NULL, 'shahrasti.chandpur.gov.bd', NULL, NULL),
(55, 'Chandpur Sadar', ' ', 6, 0, 1, NULL, NULL, 'sadar.chandpur.gov.bd', NULL, NULL),
(56, 'Matlab South', ' ', 6, 0, 1, NULL, NULL, 'matlabsouth.chandpur.gov.bd', NULL, NULL),
(57, 'Hajiganj', '', 6, 0, 1, NULL, NULL, 'hajiganj.chandpur.gov.bd', NULL, NULL),
(58, 'Matlab North', ' ', 6, 0, 1, NULL, NULL, 'matlabnorth.chandpur.gov.bd', NULL, NULL),
(59, 'Faridgonj', '', 6, 0, 1, NULL, NULL, 'faridgonj.chandpur.gov.bd', NULL, NULL),
(60, 'Lakshmipur Sadar', ' ', 7, 0, 1, NULL, NULL, 'sadar.lakshmipur.gov.bd', NULL, NULL),
(61, 'Kamalnagar', '', 7, 0, 1, NULL, NULL, 'kamalnagar.lakshmipur.gov.bd', NULL, NULL),
(62, 'Raipur', '', 7, 0, 1, NULL, NULL, 'raipur.lakshmipur.gov.bd', NULL, NULL),
(63, 'Ramgati', '', 7, 0, 1, NULL, NULL, 'ramgati.lakshmipur.gov.bd', NULL, NULL),
(64, 'Ramganj', '', 7, 0, 1, NULL, NULL, 'ramganj.lakshmipur.gov.bd', NULL, NULL),
(65, 'Rangunia', '', 8, 0, 1, NULL, NULL, 'rangunia.chittagong.gov.bd', NULL, NULL),
(66, 'Sitakunda', '', 8, 0, 1, NULL, NULL, 'sitakunda.chittagong.gov.bd', NULL, NULL),
(67, 'Mirsharai', '', 8, 0, 1, NULL, NULL, 'mirsharai.chittagong.gov.bd', NULL, NULL),
(68, 'Patiya', '', 8, 0, 1, NULL, NULL, 'patiya.chittagong.gov.bd', NULL, NULL),
(69, 'Sandwip', '', 8, 0, 1, NULL, NULL, 'sandwip.chittagong.gov.bd', NULL, NULL),
(70, 'Banshkhali', '', 8, 0, 1, NULL, NULL, 'banshkhali.chittagong.gov.bd', NULL, NULL),
(71, 'Boalkhali', '', 8, 0, 1, NULL, NULL, 'boalkhali.chittagong.gov.bd', NULL, NULL),
(72, 'Anwara', '', 8, 0, 1, NULL, NULL, 'anwara.chittagong.gov.bd', NULL, NULL),
(73, 'Chandanaish', '', 8, 0, 1, NULL, NULL, 'chandanaish.chittagong.gov.bd', NULL, NULL),
(74, 'Satkania', '', 8, 0, 1, NULL, NULL, 'satkania.chittagong.gov.bd', NULL, NULL),
(75, 'Lohagara', '', 8, 0, 1, NULL, NULL, 'lohagara.chittagong.gov.bd', NULL, NULL),
(76, 'Hathazari', '', 8, 0, 1, NULL, NULL, 'hathazari.chittagong.gov.bd', NULL, NULL),
(77, 'Fatikchhari', '', 8, 0, 1, NULL, NULL, 'fatikchhari.chittagong.gov.bd', NULL, NULL),
(78, 'Raozan', '', 8, 0, 1, NULL, NULL, 'raozan.chittagong.gov.bd', NULL, NULL),
(79, 'Karnafuli', '', 8, 0, 1, NULL, NULL, 'karnafuli.chittagong.gov.bd', NULL, NULL),
(80, 'Coxsbazar Sadar', ' ', 9, 0, 1, NULL, NULL, 'sadar.coxsbazar.gov.bd', NULL, NULL),
(81, 'Chakaria', '', 9, 0, 1, NULL, NULL, 'chakaria.coxsbazar.gov.bd', NULL, NULL),
(82, 'Kutubdia', '', 9, 0, 1, NULL, NULL, 'kutubdia.coxsbazar.gov.bd', NULL, NULL),
(83, 'Ukhiya', '', 9, 0, 1, NULL, NULL, 'ukhiya.coxsbazar.gov.bd', NULL, NULL),
(84, 'Moheshkhali', '', 9, 0, 1, NULL, NULL, 'moheshkhali.coxsbazar.gov.bd', NULL, NULL),
(85, 'Pekua', '', 9, 0, 1, NULL, NULL, 'pekua.coxsbazar.gov.bd', NULL, NULL),
(86, 'Ramu', '', 9, 0, 1, NULL, NULL, 'ramu.coxsbazar.gov.bd', NULL, NULL),
(87, 'Teknaf', '', 9, 0, 1, NULL, NULL, 'teknaf.coxsbazar.gov.bd', NULL, NULL),
(88, 'Khagrachhari Sadar', ' ', 10, 0, 1, NULL, NULL, 'sadar.khagrachhari.gov.bd', NULL, NULL),
(89, 'Dighinala', '', 10, 0, 1, NULL, NULL, 'dighinala.khagrachhari.gov.bd', NULL, NULL),
(90, 'Panchari', '', 10, 0, 1, NULL, NULL, 'panchari.khagrachhari.gov.bd', NULL, NULL),
(91, 'Laxmichhari', '', 10, 0, 1, NULL, NULL, 'laxmichhari.khagrachhari.gov.bd', NULL, NULL),
(92, 'Mohalchari', '', 10, 0, 1, NULL, NULL, 'mohalchari.khagrachhari.gov.bd', NULL, NULL),
(93, 'Manikchari', '', 10, 0, 1, NULL, NULL, 'manikchari.khagrachhari.gov.bd', NULL, NULL),
(94, 'Ramgarh', '', 10, 0, 1, NULL, NULL, 'ramgarh.khagrachhari.gov.bd', NULL, NULL),
(95, 'Matiranga', '', 10, 0, 1, NULL, NULL, 'matiranga.khagrachhari.gov.bd', NULL, NULL),
(96, 'Guimara', '', 10, 0, 1, NULL, NULL, 'guimara.khagrachhari.gov.bd', NULL, NULL),
(97, 'Bandarban Sadar', ' ', 11, 0, 1, NULL, NULL, 'sadar.bandarban.gov.bd', NULL, NULL),
(98, 'Alikadam', '', 11, 0, 1, NULL, NULL, 'alikadam.bandarban.gov.bd', NULL, NULL),
(99, 'Naikhongchhari', '', 11, 0, 1, NULL, NULL, 'naikhongchhari.bandarban.gov.bd', NULL, NULL),
(100, 'Rowangchhari', '', 11, 0, 1, NULL, NULL, 'rowangchhari.bandarban.gov.bd', NULL, NULL),
(101, 'Lama', '', 11, 0, 1, NULL, NULL, 'lama.bandarban.gov.bd', NULL, NULL),
(102, 'Ruma', '', 11, 0, 1, NULL, NULL, 'ruma.bandarban.gov.bd', NULL, NULL),
(103, 'Thanchi', '', 11, 0, 1, NULL, NULL, 'thanchi.bandarban.gov.bd', NULL, NULL),
(104, 'Belkuchi', '', 12, 0, 1, NULL, NULL, 'belkuchi.sirajganj.gov.bd', NULL, NULL),
(105, 'Chauhali', '', 12, 0, 1, NULL, NULL, 'chauhali.sirajganj.gov.bd', NULL, NULL),
(106, 'Kamarkhand', '', 12, 0, 1, NULL, NULL, 'kamarkhand.sirajganj.gov.bd', NULL, NULL),
(107, 'Kazipur', '', 12, 0, 1, NULL, NULL, 'kazipur.sirajganj.gov.bd', NULL, NULL),
(108, 'Raigonj', '', 12, 0, 1, NULL, NULL, 'raigonj.sirajganj.gov.bd', NULL, NULL),
(109, 'Shahjadpur', '', 12, 0, 1, NULL, NULL, 'shahjadpur.sirajganj.gov.bd', NULL, NULL),
(110, 'Sirajganj Sadar', ' ', 12, 0, 1, NULL, NULL, 'sirajganjsadar.sirajganj.gov.bd', NULL, NULL),
(111, 'Tarash', '', 12, 0, 1, NULL, NULL, 'tarash.sirajganj.gov.bd', NULL, NULL),
(112, 'Ullapara', '', 12, 0, 1, NULL, NULL, 'ullapara.sirajganj.gov.bd', NULL, NULL),
(113, 'Sujanagar', '', 13, 0, 1, NULL, NULL, 'sujanagar.pabna.gov.bd', NULL, NULL),
(114, 'Ishurdi', '', 13, 0, 1, NULL, NULL, 'ishurdi.pabna.gov.bd', NULL, NULL),
(115, 'Bhangura', '', 13, 0, 1, NULL, NULL, 'bhangura.pabna.gov.bd', NULL, NULL),
(116, 'Pabna Sadar', ' ', 13, 0, 1, NULL, NULL, 'pabnasadar.pabna.gov.bd', NULL, NULL),
(117, 'Bera', '', 13, 0, 1, NULL, NULL, 'bera.pabna.gov.bd', NULL, NULL),
(118, 'Atghoria', '', 13, 0, 1, NULL, NULL, 'atghoria.pabna.gov.bd', NULL, NULL),
(119, 'Chatmohar', '', 13, 0, 1, NULL, NULL, 'chatmohar.pabna.gov.bd', NULL, NULL),
(120, 'Santhia', '', 13, 0, 1, NULL, NULL, 'santhia.pabna.gov.bd', NULL, NULL),
(121, 'Faridpur', '', 13, 0, 1, NULL, NULL, 'faridpur.pabna.gov.bd', NULL, NULL),
(122, 'Kahaloo', '', 14, 0, 1, NULL, NULL, 'kahaloo.bogra.gov.bd', NULL, NULL),
(123, 'Bogra Sadar', ' ', 14, 0, 1, NULL, NULL, 'sadar.bogra.gov.bd', NULL, NULL),
(124, 'Shariakandi', '', 14, 0, 1, NULL, NULL, 'shariakandi.bogra.gov.bd', NULL, NULL),
(125, 'Shajahanpur', '', 14, 0, 1, NULL, NULL, 'shajahanpur.bogra.gov.bd', NULL, NULL),
(126, 'Dupchanchia', '', 14, 0, 1, NULL, NULL, 'dupchanchia.bogra.gov.bd', NULL, NULL),
(127, 'Adamdighi', '', 14, 0, 1, NULL, NULL, 'adamdighi.bogra.gov.bd', NULL, NULL),
(128, 'Nondigram', '', 14, 0, 1, NULL, NULL, 'nondigram.bogra.gov.bd', NULL, NULL),
(129, 'Sonatala', '', 14, 0, 1, NULL, NULL, 'sonatala.bogra.gov.bd', NULL, NULL),
(130, 'Dhunot', '', 14, 0, 1, NULL, NULL, 'dhunot.bogra.gov.bd', NULL, NULL),
(131, 'Gabtali', '', 14, 0, 1, NULL, NULL, 'gabtali.bogra.gov.bd', NULL, NULL),
(132, 'Sherpur', '', 14, 0, 1, NULL, NULL, 'sherpur.bogra.gov.bd', NULL, NULL),
(133, 'Shibganj', '', 14, 0, 1, NULL, NULL, 'shibganj.bogra.gov.bd', NULL, NULL),
(134, 'Paba', '', 15, 0, 1, NULL, NULL, 'paba.rajshahi.gov.bd', NULL, NULL),
(135, 'Durgapur', '', 15, 0, 1, NULL, NULL, 'durgapur.rajshahi.gov.bd', NULL, NULL),
(136, 'Mohonpur', '', 15, 0, 1, NULL, NULL, 'mohonpur.rajshahi.gov.bd', NULL, NULL),
(137, 'Charghat', '', 15, 0, 1, NULL, NULL, 'charghat.rajshahi.gov.bd', NULL, NULL),
(138, 'Puthia', '', 15, 0, 1, NULL, NULL, 'puthia.rajshahi.gov.bd', NULL, NULL),
(139, 'Bagha', '', 15, 0, 1, NULL, NULL, 'bagha.rajshahi.gov.bd', NULL, NULL),
(140, 'Godagari', '', 15, 0, 1, NULL, NULL, 'godagari.rajshahi.gov.bd', NULL, NULL),
(141, 'Tanore', '', 15, 0, 1, NULL, NULL, 'tanore.rajshahi.gov.bd', NULL, NULL),
(142, 'Bagmara', '', 15, 0, 1, NULL, NULL, 'bagmara.rajshahi.gov.bd', NULL, NULL),
(143, 'Natore Sadar', ' ', 16, 0, 1, NULL, NULL, 'natoresadar.natore.gov.bd', NULL, NULL),
(144, 'Singra', '', 16, 0, 1, NULL, NULL, 'singra.natore.gov.bd', NULL, NULL),
(145, 'Baraigram', '', 16, 0, 1, NULL, NULL, 'baraigram.natore.gov.bd', NULL, NULL),
(146, 'Bagatipara', '', 16, 0, 1, NULL, NULL, 'bagatipara.natore.gov.bd', NULL, NULL),
(147, 'Lalpur', '', 16, 0, 1, NULL, NULL, 'lalpur.natore.gov.bd', NULL, NULL),
(148, 'Gurudaspur', '', 16, 0, 1, NULL, NULL, 'gurudaspur.natore.gov.bd', NULL, NULL),
(149, 'Naldanga', '', 16, 0, 1, NULL, NULL, 'naldanga.natore.gov.bd', NULL, NULL),
(150, 'Akkelpur', '', 17, 0, 1, NULL, NULL, 'akkelpur.joypurhat.gov.bd', NULL, NULL),
(151, 'Kalai', '', 17, 0, 1, NULL, NULL, 'kalai.joypurhat.gov.bd', NULL, NULL),
(152, 'Khetlal', '', 17, 0, 1, NULL, NULL, 'khetlal.joypurhat.gov.bd', NULL, NULL),
(153, 'Panchbibi', '', 17, 0, 1, NULL, NULL, 'panchbibi.joypurhat.gov.bd', NULL, NULL),
(154, 'Joypurhat Sadar', ' ', 17, 0, 1, NULL, NULL, 'joypurhatsadar.joypurhat.gov.bd', NULL, NULL),
(155, 'Chapainawabganj Sadar', ' ', 18, 0, 1, NULL, NULL, 'chapainawabganjsadar.chapainawabganj.gov.bd', NULL, NULL),
(156, 'Gomostapur', '', 18, 0, 1, NULL, NULL, 'gomostapur.chapainawabganj.gov.bd', NULL, NULL),
(157, 'Nachol', '', 18, 0, 1, NULL, NULL, 'nachol.chapainawabganj.gov.bd', NULL, NULL),
(158, 'Bholahat', '', 18, 0, 1, NULL, NULL, 'bholahat.chapainawabganj.gov.bd', NULL, NULL),
(159, 'Shibganj', '', 18, 0, 1, NULL, NULL, 'shibganj.chapainawabganj.gov.bd', NULL, NULL),
(160, 'Mohadevpur', '', 19, 0, 1, NULL, NULL, 'mohadevpur.naogaon.gov.bd', NULL, NULL),
(161, 'Badalgachi', '', 19, 0, 1, NULL, NULL, 'badalgachi.naogaon.gov.bd', NULL, NULL),
(162, 'Patnitala', '', 19, 0, 1, NULL, NULL, 'patnitala.naogaon.gov.bd', NULL, NULL),
(163, 'Dhamoirhat', '', 19, 0, 1, NULL, NULL, 'dhamoirhat.naogaon.gov.bd', NULL, NULL),
(164, 'Niamatpur', '', 19, 0, 1, NULL, NULL, 'niamatpur.naogaon.gov.bd', NULL, NULL),
(165, 'Manda', '', 19, 0, 1, NULL, NULL, 'manda.naogaon.gov.bd', NULL, NULL),
(166, 'Atrai', '', 19, 0, 1, NULL, NULL, 'atrai.naogaon.gov.bd', NULL, NULL),
(167, 'Raninagar', '', 19, 0, 1, NULL, NULL, 'raninagar.naogaon.gov.bd', NULL, NULL),
(168, 'Naogaon Sadar', ' ', 19, 0, 1, NULL, NULL, 'naogaonsadar.naogaon.gov.bd', NULL, NULL),
(169, 'Porsha', '', 19, 0, 1, NULL, NULL, 'porsha.naogaon.gov.bd', NULL, NULL),
(170, 'Sapahar', '', 19, 0, 1, NULL, NULL, 'sapahar.naogaon.gov.bd', NULL, NULL),
(171, 'Manirampur', '', 20, 0, 1, NULL, NULL, 'manirampur.jessore.gov.bd', NULL, NULL),
(172, 'Abhaynagar', '', 20, 0, 1, NULL, NULL, 'abhaynagar.jessore.gov.bd', NULL, NULL),
(173, 'Bagherpara', '', 20, 0, 1, NULL, NULL, 'bagherpara.jessore.gov.bd', NULL, NULL),
(174, 'Chougachha', '', 20, 0, 1, NULL, NULL, 'chougachha.jessore.gov.bd', NULL, NULL),
(175, 'Jhikargacha', '', 20, 0, 1, NULL, NULL, 'jhikargacha.jessore.gov.bd', NULL, NULL),
(176, 'Keshabpur', '', 20, 0, 1, NULL, NULL, 'keshabpur.jessore.gov.bd', NULL, NULL),
(177, 'Jessore Sadar', ' ', 20, 0, 1, NULL, NULL, 'sadar.jessore.gov.bd', NULL, NULL),
(178, 'Sharsha', '', 20, 0, 1, NULL, NULL, 'sharsha.jessore.gov.bd', NULL, NULL),
(179, 'Assasuni', '', 21, 0, 1, NULL, NULL, 'assasuni.satkhira.gov.bd', NULL, NULL),
(180, 'Debhata', '', 21, 0, 1, NULL, NULL, 'debhata.satkhira.gov.bd', NULL, NULL),
(181, 'Kalaroa', '', 21, 0, 1, NULL, NULL, 'kalaroa.satkhira.gov.bd', NULL, NULL),
(182, 'Satkhira Sadar', ' ', 21, 0, 1, NULL, NULL, 'satkhirasadar.satkhira.gov.bd', NULL, NULL),
(183, 'Shyamnagar', '', 21, 0, 1, NULL, NULL, 'shyamnagar.satkhira.gov.bd', NULL, NULL),
(184, 'Tala', '', 21, 0, 1, NULL, NULL, 'tala.satkhira.gov.bd', NULL, NULL),
(185, 'Kaliganj', '', 21, 0, 1, NULL, NULL, 'kaliganj.satkhira.gov.bd', NULL, NULL),
(186, 'Mujibnagar', '', 22, 0, 1, NULL, NULL, 'mujibnagar.meherpur.gov.bd', NULL, NULL),
(187, 'Meherpur Sadar', ' ', 22, 0, 1, NULL, NULL, 'meherpursadar.meherpur.gov.bd', NULL, NULL),
(188, 'Gangni', '', 22, 0, 1, NULL, NULL, 'gangni.meherpur.gov.bd', NULL, NULL),
(189, 'Narail Sadar', ' ', 23, 0, 1, NULL, NULL, 'narailsadar.narail.gov.bd', NULL, NULL),
(190, 'Lohagara', '', 23, 0, 1, NULL, NULL, 'lohagara.narail.gov.bd', NULL, NULL),
(191, 'Kalia', '', 23, 0, 1, NULL, NULL, 'kalia.narail.gov.bd', NULL, NULL),
(192, 'Chuadanga Sadar', ' ', 24, 0, 1, NULL, NULL, 'chuadangasadar.chuadanga.gov.bd', NULL, NULL),
(193, 'Alamdanga', '', 24, 0, 1, NULL, NULL, 'alamdanga.chuadanga.gov.bd', NULL, NULL),
(194, 'Damurhuda', '', 24, 0, 1, NULL, NULL, 'damurhuda.chuadanga.gov.bd', NULL, NULL),
(195, 'Jibannagar', '', 24, 0, 1, NULL, NULL, 'jibannagar.chuadanga.gov.bd', NULL, NULL),
(196, 'Kushtia Sadar', ' ', 25, 0, 1, NULL, NULL, 'kushtiasadar.kushtia.gov.bd', NULL, NULL),
(197, 'Kumarkhali', '', 25, 0, 1, NULL, NULL, 'kumarkhali.kushtia.gov.bd', NULL, NULL),
(198, 'Khoksa', '', 25, 0, 1, NULL, NULL, 'khoksa.kushtia.gov.bd', NULL, NULL),
(199, 'Mirpur', '', 25, 0, 1, NULL, NULL, 'mirpurkushtia.kushtia.gov.bd', NULL, NULL),
(200, 'Daulatpur', '', 25, 0, 1, NULL, NULL, 'daulatpur.kushtia.gov.bd', NULL, NULL),
(201, 'Bheramara', '', 25, 0, 1, NULL, NULL, 'bheramara.kushtia.gov.bd', NULL, NULL),
(202, 'Shalikha', '', 26, 0, 1, NULL, NULL, 'shalikha.magura.gov.bd', NULL, NULL),
(203, 'Sreepur', '', 26, 0, 1, NULL, NULL, 'sreepur.magura.gov.bd', NULL, NULL),
(204, 'Magura Sadar', ' ', 26, 0, 1, NULL, NULL, 'magurasadar.magura.gov.bd', NULL, NULL),
(205, 'Mohammadpur', '', 26, 0, 1, NULL, NULL, 'mohammadpur.magura.gov.bd', NULL, NULL),
(206, 'Paikgasa', '', 27, 0, 1, NULL, NULL, 'paikgasa.khulna.gov.bd', NULL, NULL),
(207, 'Fultola', '', 27, 0, 1, NULL, NULL, 'fultola.khulna.gov.bd', NULL, NULL),
(208, 'Digholia', '', 27, 0, 1, NULL, NULL, 'digholia.khulna.gov.bd', NULL, NULL),
(209, 'Rupsha', '', 27, 0, 1, NULL, NULL, 'rupsha.khulna.gov.bd', NULL, NULL),
(210, 'Terokhada', '', 27, 0, 1, NULL, NULL, 'terokhada.khulna.gov.bd', NULL, NULL),
(211, 'Dumuria', '', 27, 0, 1, NULL, NULL, 'dumuria.khulna.gov.bd', NULL, NULL),
(212, 'Botiaghata', '', 27, 0, 1, NULL, NULL, 'botiaghata.khulna.gov.bd', NULL, NULL),
(213, 'Dakop', '', 27, 0, 1, NULL, NULL, 'dakop.khulna.gov.bd', NULL, NULL),
(214, 'Koyra', '', 27, 0, 1, NULL, NULL, 'koyra.khulna.gov.bd', NULL, NULL),
(215, 'Fakirhat', '', 28, 0, 1, NULL, NULL, 'fakirhat.bagerhat.gov.bd', NULL, NULL),
(216, 'Bagerhat Sadar', ' ', 28, 0, 1, NULL, NULL, 'sadar.bagerhat.gov.bd', NULL, NULL),
(217, 'Mollahat', '', 28, 0, 1, NULL, NULL, 'mollahat.bagerhat.gov.bd', NULL, NULL),
(218, 'Sarankhola', '', 28, 0, 1, NULL, NULL, 'sarankhola.bagerhat.gov.bd', NULL, NULL),
(219, 'Rampal', '', 28, 0, 1, NULL, NULL, 'rampal.bagerhat.gov.bd', NULL, NULL),
(220, 'Morrelganj', '', 28, 0, 1, NULL, NULL, 'morrelganj.bagerhat.gov.bd', NULL, NULL),
(221, 'Kachua', '', 28, 0, 1, NULL, NULL, 'kachua.bagerhat.gov.bd', NULL, NULL),
(222, 'Mongla', '', 28, 0, 1, NULL, NULL, 'mongla.bagerhat.gov.bd', NULL, NULL),
(223, 'Chitalmari', '', 28, 0, 1, NULL, NULL, 'chitalmari.bagerhat.gov.bd', NULL, NULL),
(224, 'Jhenaidah Sadar', ' ', 29, 0, 1, NULL, NULL, 'sadar.jhenaidah.gov.bd', NULL, NULL),
(225, 'Shailkupa', '', 29, 0, 1, NULL, NULL, 'shailkupa.jhenaidah.gov.bd', NULL, NULL),
(226, 'Harinakundu', '', 29, 0, 1, NULL, NULL, 'harinakundu.jhenaidah.gov.bd', NULL, NULL),
(227, 'Kaliganj', '', 29, 0, 1, NULL, NULL, 'kaliganj.jhenaidah.gov.bd', NULL, NULL),
(228, 'Kotchandpur', '', 29, 0, 1, NULL, NULL, 'kotchandpur.jhenaidah.gov.bd', NULL, NULL),
(229, 'Moheshpur', '', 29, 0, 1, NULL, NULL, 'moheshpur.jhenaidah.gov.bd', NULL, NULL),
(230, 'Jhalakathi Sadar', ' ', 30, 0, 1, NULL, NULL, 'sadar.jhalakathi.gov.bd', NULL, NULL),
(231, 'Kathalia', '', 30, 0, 1, NULL, NULL, 'kathalia.jhalakathi.gov.bd', NULL, NULL),
(232, 'Nalchity', '', 30, 0, 1, NULL, NULL, 'nalchity.jhalakathi.gov.bd', NULL, NULL),
(233, 'Rajapur', '', 30, 0, 1, NULL, NULL, 'rajapur.jhalakathi.gov.bd', NULL, NULL),
(234, 'Bauphal', '', 31, 0, 1, NULL, NULL, 'bauphal.patuakhali.gov.bd', NULL, NULL),
(235, 'Patuakhali Sadar', ' ', 31, 0, 1, NULL, NULL, 'sadar.patuakhali.gov.bd', NULL, NULL),
(236, 'Dumki', '', 31, 0, 1, NULL, NULL, 'dumki.patuakhali.gov.bd', NULL, NULL),
(237, 'Dashmina', '', 31, 0, 1, NULL, NULL, 'dashmina.patuakhali.gov.bd', NULL, NULL),
(238, 'Kalapara', '', 31, 0, 1, NULL, NULL, 'kalapara.patuakhali.gov.bd', NULL, NULL),
(239, 'Mirzaganj', '', 31, 0, 1, NULL, NULL, 'mirzaganj.patuakhali.gov.bd', NULL, NULL),
(240, 'Galachipa', '', 31, 0, 1, NULL, NULL, 'galachipa.patuakhali.gov.bd', NULL, NULL),
(241, 'Rangabali', '', 31, 0, 1, NULL, NULL, 'rangabali.patuakhali.gov.bd', NULL, NULL),
(242, 'Pirojpur Sadar', ' ', 32, 0, 1, NULL, NULL, 'sadar.pirojpur.gov.bd', NULL, NULL),
(243, 'Nazirpur', '', 32, 0, 1, NULL, NULL, 'nazirpur.pirojpur.gov.bd', NULL, NULL),
(244, 'Kawkhali', '', 32, 0, 1, NULL, NULL, 'kawkhali.pirojpur.gov.bd', NULL, NULL),
(245, 'Zianagar', '', 32, 0, 1, NULL, NULL, 'zianagar.pirojpur.gov.bd', NULL, NULL),
(246, 'Bhandaria', '', 32, 0, 1, NULL, NULL, 'bhandaria.pirojpur.gov.bd', NULL, NULL),
(247, 'Mathbaria', '', 32, 0, 1, NULL, NULL, 'mathbaria.pirojpur.gov.bd', NULL, NULL),
(248, 'Nesarabad', '', 32, 0, 1, NULL, NULL, 'nesarabad.pirojpur.gov.bd', NULL, NULL),
(249, 'Barisal Sadar', ' ', 33, 0, 1, NULL, NULL, 'barisalsadar.barisal.gov.bd', NULL, NULL),
(250, 'Bakerganj', '', 33, 0, 1, NULL, NULL, 'bakerganj.barisal.gov.bd', NULL, NULL),
(251, 'Babuganj', '', 33, 0, 1, NULL, NULL, 'babuganj.barisal.gov.bd', NULL, NULL),
(252, 'Wazirpur', '', 33, 0, 1, NULL, NULL, 'wazirpur.barisal.gov.bd', NULL, NULL),
(253, 'Banaripara', '', 33, 0, 1, NULL, NULL, 'banaripara.barisal.gov.bd', NULL, NULL),
(254, 'Gournadi', '', 33, 0, 1, NULL, NULL, 'gournadi.barisal.gov.bd', NULL, NULL),
(255, 'Agailjhara', '', 33, 0, 1, NULL, NULL, 'agailjhara.barisal.gov.bd', NULL, NULL),
(256, 'Mehendiganj', '', 33, 0, 1, NULL, NULL, 'mehendiganj.barisal.gov.bd', NULL, NULL),
(257, 'Muladi', '', 33, 0, 1, NULL, NULL, 'muladi.barisal.gov.bd', NULL, NULL),
(258, 'Hizla', '', 33, 0, 1, NULL, NULL, 'hizla.barisal.gov.bd', NULL, NULL),
(259, 'Bhola Sadar', ' ', 34, 0, 1, NULL, NULL, 'sadar.bhola.gov.bd', NULL, NULL),
(260, 'Borhan Sddin', ' ', 34, 0, 1, NULL, NULL, 'borhanuddin.bhola.gov.bd', NULL, NULL),
(261, 'Charfesson', '', 34, 0, 1, NULL, NULL, 'charfesson.bhola.gov.bd', NULL, NULL),
(262, 'Doulatkhan', '', 34, 0, 1, NULL, NULL, 'doulatkhan.bhola.gov.bd', NULL, NULL),
(263, 'Monpura', '', 34, 0, 1, NULL, NULL, 'monpura.bhola.gov.bd', NULL, NULL),
(264, 'Tazumuddin', '', 34, 0, 1, NULL, NULL, 'tazumuddin.bhola.gov.bd', NULL, NULL),
(265, 'Lalmohan', '', 34, 0, 1, NULL, NULL, 'lalmohan.bhola.gov.bd', NULL, NULL),
(266, 'Amtali', '', 35, 0, 1, NULL, NULL, 'amtali.barguna.gov.bd', NULL, NULL),
(267, 'Barguna Sadar', ' ', 35, 0, 1, NULL, NULL, 'sadar.barguna.gov.bd', NULL, NULL),
(268, 'Betagi', '', 35, 0, 1, NULL, NULL, 'betagi.barguna.gov.bd', NULL, NULL),
(269, 'Bamna', '', 35, 0, 1, NULL, NULL, 'bamna.barguna.gov.bd', NULL, NULL),
(270, 'Pathorghata', '', 35, 0, 1, NULL, NULL, 'pathorghata.barguna.gov.bd', NULL, NULL),
(271, 'Taltali', '', 35, 0, 1, NULL, NULL, 'taltali.barguna.gov.bd', NULL, NULL),
(272, 'Balaganj', '', 36, 0, 1, NULL, NULL, 'balaganj.sylhet.gov.bd', NULL, NULL),
(273, 'Beanibazar', '', 36, 0, 1, NULL, NULL, 'beanibazar.sylhet.gov.bd', NULL, NULL),
(274, 'Bishwanath', '', 36, 0, 1, NULL, NULL, 'bishwanath.sylhet.gov.bd', NULL, NULL),
(275, 'Companiganj', '', 36, 0, 1, NULL, NULL, 'companiganj.sylhet.gov.bd', NULL, NULL),
(276, 'Fenchuganj', '', 36, 0, 1, NULL, NULL, 'fenchuganj.sylhet.gov.bd', NULL, NULL),
(277, 'Golapganj', '', 36, 0, 1, NULL, NULL, 'golapganj.sylhet.gov.bd', NULL, NULL),
(278, 'Gowainghat', '', 36, 0, 1, NULL, NULL, 'gowainghat.sylhet.gov.bd', NULL, NULL),
(279, 'Jaintiapur', '', 36, 0, 1, NULL, NULL, 'jaintiapur.sylhet.gov.bd', NULL, NULL),
(280, 'Kanaighat', '', 36, 0, 1, NULL, NULL, 'kanaighat.sylhet.gov.bd', NULL, NULL),
(281, 'Sylhet Sadar', ' ', 36, 0, 1, NULL, NULL, 'sylhetsadar.sylhet.gov.bd', NULL, NULL),
(282, 'Zakiganj', '', 36, 0, 1, NULL, NULL, 'zakiganj.sylhet.gov.bd', NULL, NULL),
(283, 'Dakshinsurma', ' ', 36, 0, 1, NULL, NULL, 'dakshinsurma.sylhet.gov.bd', NULL, NULL),
(284, 'Osmaninagar', ' ', 36, 0, 1, NULL, NULL, 'osmaninagar.sylhet.gov.bd', NULL, NULL),
(285, 'Barlekha', '', 37, 0, 1, NULL, NULL, 'barlekha.moulvibazar.gov.bd', NULL, NULL),
(286, 'Kamolganj', '', 37, 0, 1, NULL, NULL, 'kamolganj.moulvibazar.gov.bd', NULL, NULL),
(287, 'Kulaura', '', 37, 0, 1, NULL, NULL, 'kulaura.moulvibazar.gov.bd', NULL, NULL),
(288, 'Moulvibazar Sadar', ' ', 37, 0, 1, NULL, NULL, 'moulvibazarsadar.moulvibazar.gov.bd', NULL, NULL),
(289, 'Rajnagar', '', 37, 0, 1, NULL, NULL, 'rajnagar.moulvibazar.gov.bd', NULL, NULL),
(290, 'Sreemangal', '', 37, 0, 1, NULL, NULL, 'sreemangal.moulvibazar.gov.bd', NULL, NULL),
(291, 'Juri', '', 37, 0, 1, NULL, NULL, 'juri.moulvibazar.gov.bd', NULL, NULL),
(292, 'Nabiganj', '', 38, 0, 1, NULL, NULL, 'nabiganj.habiganj.gov.bd', NULL, NULL),
(293, 'Bahubal', '', 38, 0, 1, NULL, NULL, 'bahubal.habiganj.gov.bd', NULL, NULL),
(294, 'Ajmiriganj', '', 38, 0, 1, NULL, NULL, 'ajmiriganj.habiganj.gov.bd', NULL, NULL),
(295, 'Baniachong', '', 38, 0, 1, NULL, NULL, 'baniachong.habiganj.gov.bd', NULL, NULL),
(296, 'Lakhai', '', 38, 0, 1, NULL, NULL, 'lakhai.habiganj.gov.bd', NULL, NULL),
(297, 'Chunarughat', '', 38, 0, 1, NULL, NULL, 'chunarughat.habiganj.gov.bd', NULL, NULL),
(298, 'Habiganj Sadar', ' ', 38, 0, 1, NULL, NULL, 'habiganjsadar.habiganj.gov.bd', NULL, NULL),
(299, 'Madhabpur', '', 38, 0, 1, NULL, NULL, 'madhabpur.habiganj.gov.bd', NULL, NULL),
(300, 'Sunamganj Sadar', ' ', 39, 0, 1, NULL, NULL, 'sadar.sunamganj.gov.bd', NULL, NULL),
(301, 'South Sunamganj', ' ', 39, 0, 1, NULL, NULL, 'southsunamganj.sunamganj.gov.bd', NULL, NULL),
(302, 'Bishwambarpur', '', 39, 0, 1, NULL, NULL, 'bishwambarpur.sunamganj.gov.bd', NULL, NULL),
(303, 'Chhatak', '', 39, 0, 1, NULL, NULL, 'chhatak.sunamganj.gov.bd', NULL, NULL),
(304, 'Jagannathpur', '', 39, 0, 1, NULL, NULL, 'jagannathpur.sunamganj.gov.bd', NULL, NULL),
(305, 'Dowarabazar', '', 39, 0, 1, NULL, NULL, 'dowarabazar.sunamganj.gov.bd', NULL, NULL),
(306, 'Tahirpur', '', 39, 0, 1, NULL, NULL, 'tahirpur.sunamganj.gov.bd', NULL, NULL),
(307, 'Dharmapasha', '', 39, 0, 1, NULL, NULL, 'dharmapasha.sunamganj.gov.bd', NULL, NULL),
(308, 'Jamalganj', '', 39, 0, 1, NULL, NULL, 'jamalganj.sunamganj.gov.bd', NULL, NULL),
(309, 'Shalla', '', 39, 0, 1, NULL, NULL, 'shalla.sunamganj.gov.bd', NULL, NULL),
(310, 'Derai', '', 39, 0, 1, NULL, NULL, 'derai.sunamganj.gov.bd', NULL, NULL),
(311, 'Belabo', '', 40, 0, 1, NULL, NULL, 'belabo.narsingdi.gov.bd', NULL, NULL),
(312, 'Monohardi', '', 40, 0, 1, NULL, NULL, 'monohardi.narsingdi.gov.bd', NULL, NULL),
(313, 'Narsingdi Sadar', ' ', 40, 0, 1, NULL, NULL, 'narsingdisadar.narsingdi.gov.bd', NULL, NULL),
(314, 'Palash', '', 40, 0, 1, NULL, NULL, 'palash.narsingdi.gov.bd', NULL, NULL),
(315, 'Raipura', '', 40, 0, 1, NULL, NULL, 'raipura.narsingdi.gov.bd', NULL, NULL),
(316, 'Shibpur', '', 40, 0, 1, NULL, NULL, 'shibpur.narsingdi.gov.bd', NULL, NULL),
(317, 'Kaliganj', '', 41, 0, 1, NULL, NULL, 'kaliganj.gazipur.gov.bd', NULL, NULL),
(318, 'Kaliakair', '', 41, 0, 1, NULL, NULL, 'kaliakair.gazipur.gov.bd', NULL, NULL),
(319, 'Kapasia', '', 41, 0, 1, NULL, NULL, 'kapasia.gazipur.gov.bd', NULL, NULL),
(320, 'Gazipur Sadar', ' ', 41, 0, 1, NULL, NULL, 'sadar.gazipur.gov.bd', NULL, NULL),
(321, 'Sreepur', '', 41, 0, 1, NULL, NULL, 'sreepur.gazipur.gov.bd', NULL, NULL),
(322, 'Shariatpur Sadar', ' ', 42, 0, 1, NULL, NULL, 'sadar.shariatpur.gov.bd', NULL, NULL),
(323, 'Naria', '', 42, 0, 1, NULL, NULL, 'naria.shariatpur.gov.bd', NULL, NULL),
(324, 'Zajira', '', 42, 0, 1, NULL, NULL, 'zajira.shariatpur.gov.bd', NULL, NULL),
(325, 'Gosairhat', '', 42, 0, 1, NULL, NULL, 'gosairhat.shariatpur.gov.bd', NULL, NULL),
(326, 'Bhedarganj', '', 42, 0, 1, NULL, NULL, 'bhedarganj.shariatpur.gov.bd', NULL, NULL),
(327, 'Damudya', '', 42, 0, 1, NULL, NULL, 'damudya.shariatpur.gov.bd', NULL, NULL),
(328, 'Araihazar', '', 43, 0, 1, NULL, NULL, 'araihazar.narayanganj.gov.bd', NULL, NULL),
(329, 'Bandar', '', 43, 0, 1, NULL, NULL, 'bandar.narayanganj.gov.bd', NULL, NULL),
(330, 'Narayanganj Sadar', ' ', 43, 0, 1, NULL, NULL, 'narayanganjsadar.narayanganj.gov.bd', NULL, NULL),
(331, 'Rupganj', '', 43, 0, 1, NULL, NULL, 'rupganj.narayanganj.gov.bd', NULL, NULL),
(332, 'Sonargaon', '', 43, 0, 1, NULL, NULL, 'sonargaon.narayanganj.gov.bd', NULL, NULL),
(333, 'Basail', '', 44, 0, 1, NULL, NULL, 'basail.tangail.gov.bd', NULL, NULL),
(334, 'Bhuapur', '', 44, 0, 1, NULL, NULL, 'bhuapur.tangail.gov.bd', NULL, NULL),
(335, 'Delduar', '', 44, 0, 1, NULL, NULL, 'delduar.tangail.gov.bd', NULL, NULL),
(336, 'Ghatail', '', 44, 0, 1, NULL, NULL, 'ghatail.tangail.gov.bd', NULL, NULL),
(337, 'Gopalpur', '', 44, 0, 1, NULL, NULL, 'gopalpur.tangail.gov.bd', NULL, NULL),
(338, 'Madhupur', '', 44, 0, 1, NULL, NULL, 'madhupur.tangail.gov.bd', NULL, NULL),
(339, 'Mirzapur', '', 44, 0, 1, NULL, NULL, 'mirzapur.tangail.gov.bd', NULL, NULL),
(340, 'Nagarpur', '', 44, 0, 1, NULL, NULL, 'nagarpur.tangail.gov.bd', NULL, NULL),
(341, 'Sakhipur', '', 44, 0, 1, NULL, NULL, 'sakhipur.tangail.gov.bd', NULL, NULL),
(342, 'Tangail Sadar', ' ', 44, 0, 1, NULL, NULL, 'tangailsadar.tangail.gov.bd', NULL, NULL),
(343, 'Kalihati', '', 44, 0, 1, NULL, NULL, 'kalihati.tangail.gov.bd', NULL, NULL),
(344, 'Dhanbari', '', 44, 0, 1, NULL, NULL, 'dhanbari.tangail.gov.bd', NULL, NULL),
(345, 'Itna', '', 45, 0, 1, NULL, NULL, 'itna.kishoreganj.gov.bd', NULL, NULL),
(346, 'Katiadi', '', 45, 0, 1, NULL, NULL, 'katiadi.kishoreganj.gov.bd', NULL, NULL),
(347, 'Bhairab', '', 45, 0, 1, NULL, NULL, 'bhairab.kishoreganj.gov.bd', NULL, NULL),
(348, 'Tarail', '', 45, 0, 1, NULL, NULL, 'tarail.kishoreganj.gov.bd', NULL, NULL),
(349, 'Hossainpur', '', 45, 0, 1, NULL, NULL, 'hossainpur.kishoreganj.gov.bd', NULL, NULL),
(350, 'Pakundia', '', 45, 0, 1, NULL, NULL, 'pakundia.kishoreganj.gov.bd', NULL, NULL),
(351, 'Kuliarchar', '', 45, 0, 1, NULL, NULL, 'kuliarchar.kishoreganj.gov.bd', NULL, NULL),
(352, 'Kishoreganj Sadar', ' ', 45, 0, 1, NULL, NULL, 'kishoreganjsadar.kishoreganj.gov.bd', NULL, NULL),
(353, 'Karimgonj', '', 45, 0, 1, NULL, NULL, 'karimgonj.kishoreganj.gov.bd', NULL, NULL),
(354, 'Bajitpur', '', 45, 0, 1, NULL, NULL, 'bajitpur.kishoreganj.gov.bd', NULL, NULL),
(355, 'Austagram', '', 45, 0, 1, NULL, NULL, 'austagram.kishoreganj.gov.bd', NULL, NULL),
(356, 'Mithamoin', '', 45, 0, 1, NULL, NULL, 'mithamoin.kishoreganj.gov.bd', NULL, NULL),
(357, 'Nikli', '', 45, 0, 1, NULL, NULL, 'nikli.kishoreganj.gov.bd', NULL, NULL),
(358, 'Harirampur', '', 46, 0, 1, NULL, NULL, 'harirampur.manikganj.gov.bd', NULL, NULL),
(359, 'Saturia', '', 46, 0, 1, NULL, NULL, 'saturia.manikganj.gov.bd', NULL, NULL),
(360, 'Manikganj Sadar', ' ', 46, 0, 1, NULL, NULL, 'sadar.manikganj.gov.bd', NULL, NULL),
(361, 'Gior', '', 46, 0, 1, NULL, NULL, 'gior.manikganj.gov.bd', NULL, NULL),
(362, 'Shibaloy', '', 46, 0, 1, NULL, NULL, 'shibaloy.manikganj.gov.bd', NULL, NULL),
(363, 'Doulatpur', '', 46, 0, 1, NULL, NULL, 'doulatpur.manikganj.gov.bd', NULL, NULL),
(364, 'Singiar', '', 46, 0, 1, NULL, NULL, 'singiar.manikganj.gov.bd', NULL, NULL),
(365, 'Savar', '', 47, 0, 1, NULL, NULL, 'savar.dhaka.gov.bd', NULL, NULL),
(366, 'Dhamrai', '', 47, 0, 1, NULL, NULL, 'dhamrai.dhaka.gov.bd', NULL, NULL),
(367, 'Keraniganj', '', 47, 0, 1, NULL, NULL, 'keraniganj.dhaka.gov.bd', NULL, NULL),
(368, 'Nawabganj', '', 47, 0, 1, NULL, NULL, 'nawabganj.dhaka.gov.bd', NULL, NULL),
(369, 'Dohar', '', 47, 0, 1, NULL, NULL, 'dohar.dhaka.gov.bd', NULL, NULL),
(370, 'Munshiganj Sadar', ' ', 48, 0, 1, NULL, NULL, 'sadar.munshiganj.gov.bd', NULL, NULL),
(371, 'Sreenagar', '', 48, 0, 1, NULL, NULL, 'sreenagar.munshiganj.gov.bd', NULL, NULL),
(372, 'Sirajdikhan', '', 48, 0, 1, NULL, NULL, 'sirajdikhan.munshiganj.gov.bd', NULL, NULL),
(373, 'Louhajanj', '', 48, 0, 1, NULL, NULL, 'louhajanj.munshiganj.gov.bd', NULL, NULL),
(374, 'Gajaria', '', 48, 0, 1, NULL, NULL, 'gajaria.munshiganj.gov.bd', NULL, NULL),
(375, 'Tongibari', '', 48, 0, 1, NULL, NULL, 'tongibari.munshiganj.gov.bd', NULL, NULL),
(376, 'Rajbari Sadar', ' ', 49, 0, 1, NULL, NULL, 'sadar.rajbari.gov.bd', NULL, NULL),
(377, 'Goalanda', '', 49, 0, 1, NULL, NULL, 'goalanda.rajbari.gov.bd', NULL, NULL),
(378, 'Pangsa', '', 49, 0, 1, NULL, NULL, 'pangsa.rajbari.gov.bd', NULL, NULL),
(379, 'Baliakandi', '', 49, 0, 1, NULL, NULL, 'baliakandi.rajbari.gov.bd', NULL, NULL),
(380, 'Kalukhali', '', 49, 0, 1, NULL, NULL, 'kalukhali.rajbari.gov.bd', NULL, NULL),
(381, 'Madaripur Sadar', ' ', 50, 0, 1, NULL, NULL, 'sadar.madaripur.gov.bd', NULL, NULL),
(382, 'Shibchar', '', 50, 0, 1, NULL, NULL, 'shibchar.madaripur.gov.bd', NULL, NULL),
(383, 'Kalkini', '', 50, 0, 1, NULL, NULL, 'kalkini.madaripur.gov.bd', NULL, NULL),
(384, 'Rajoir', '', 50, 0, 1, NULL, NULL, 'rajoir.madaripur.gov.bd', NULL, NULL),
(385, 'Gopalganj Sadar', ' ', 51, 0, 1, NULL, NULL, 'sadar.gopalganj.gov.bd', NULL, NULL),
(386, 'Kashiani', '', 51, 0, 1, NULL, NULL, 'kashiani.gopalganj.gov.bd', NULL, NULL),
(387, 'Tungipara', '', 51, 0, 1, NULL, NULL, 'tungipara.gopalganj.gov.bd', NULL, NULL),
(388, 'Kotalipara', '', 51, 0, 1, NULL, NULL, 'kotalipara.gopalganj.gov.bd', NULL, NULL),
(389, 'Muksudpur', '', 51, 0, 1, NULL, NULL, 'muksudpur.gopalganj.gov.bd', NULL, NULL),
(390, 'Faridpur Sadar', ' ', 52, 0, 1, NULL, NULL, 'sadar.faridpur.gov.bd', NULL, NULL),
(391, 'Alfadanga', '', 52, 0, 1, NULL, NULL, 'alfadanga.faridpur.gov.bd', NULL, NULL),
(392, 'Boalmari', '', 52, 0, 1, NULL, NULL, 'boalmari.faridpur.gov.bd', NULL, NULL),
(393, 'Sadarpur', '', 52, 0, 1, NULL, NULL, 'sadarpur.faridpur.gov.bd', NULL, NULL),
(394, 'Nagarkanda', '', 52, 0, 1, NULL, NULL, 'nagarkanda.faridpur.gov.bd', NULL, NULL),
(395, 'Bhanga', '', 52, 0, 1, NULL, NULL, 'bhanga.faridpur.gov.bd', NULL, NULL),
(396, 'Charbhadrasan', '', 52, 0, 1, NULL, NULL, 'charbhadrasan.faridpur.gov.bd', NULL, NULL),
(397, 'Madhukhali', '', 52, 0, 1, NULL, NULL, 'madhukhali.faridpur.gov.bd', NULL, NULL),
(398, 'Saltha', '', 52, 0, 1, NULL, NULL, 'saltha.faridpur.gov.bd', NULL, NULL),
(399, 'Panchagarh Sadar', ' ', 53, 0, 1, NULL, NULL, 'panchagarhsadar.panchagarh.gov.bd', NULL, NULL),
(400, 'Debiganj', '', 53, 0, 1, NULL, NULL, 'debiganj.panchagarh.gov.bd', NULL, NULL),
(401, 'Boda', '', 53, 0, 1, NULL, NULL, 'boda.panchagarh.gov.bd', NULL, NULL),
(402, 'Atwari', '', 53, 0, 1, NULL, NULL, 'atwari.panchagarh.gov.bd', NULL, NULL),
(403, 'Tetulia', '', 53, 0, 1, NULL, NULL, 'tetulia.panchagarh.gov.bd', NULL, NULL),
(404, 'Nawabganj', '', 54, 0, 1, NULL, NULL, 'nawabganj.dinajpur.gov.bd', NULL, NULL),
(405, 'Birganj', '', 54, 0, 1, NULL, NULL, 'birganj.dinajpur.gov.bd', NULL, NULL),
(406, 'Ghoraghat', '', 54, 0, 1, NULL, NULL, 'ghoraghat.dinajpur.gov.bd', NULL, NULL),
(407, 'Birampur', '', 54, 0, 1, NULL, NULL, 'birampur.dinajpur.gov.bd', NULL, NULL),
(408, 'Parbatipur', '', 54, 0, 1, NULL, NULL, 'parbatipur.dinajpur.gov.bd', NULL, NULL),
(409, 'Bochaganj', '', 54, 0, 1, NULL, NULL, 'bochaganj.dinajpur.gov.bd', NULL, NULL),
(410, 'Kaharol', '', 54, 0, 1, NULL, NULL, 'kaharol.dinajpur.gov.bd', NULL, NULL),
(411, 'Fulbari', '', 54, 0, 1, NULL, NULL, 'fulbari.dinajpur.gov.bd', NULL, NULL),
(412, 'Dinajpur Sadar', ' ', 54, 0, 1, NULL, NULL, 'dinajpursadar.dinajpur.gov.bd', NULL, NULL),
(413, 'Hakimpur', '', 54, 0, 1, NULL, NULL, 'hakimpur.dinajpur.gov.bd', NULL, NULL),
(414, 'Khansama', '', 54, 0, 1, NULL, NULL, 'khansama.dinajpur.gov.bd', NULL, NULL),
(415, 'Birol', '', 54, 0, 1, NULL, NULL, 'birol.dinajpur.gov.bd', NULL, NULL),
(416, 'Chirirbandar', '', 54, 0, 1, NULL, NULL, 'chirirbandar.dinajpur.gov.bd', NULL, NULL),
(417, 'Lalmonirhat Sadar', ' ', 55, 0, 1, NULL, NULL, 'sadar.lalmonirhat.gov.bd', NULL, NULL),
(418, 'Kaliganj', '', 55, 0, 1, NULL, NULL, 'kaliganj.lalmonirhat.gov.bd', NULL, NULL),
(419, 'Hatibandha', '', 55, 0, 1, NULL, NULL, 'hatibandha.lalmonirhat.gov.bd', NULL, NULL),
(420, 'Patgram', '', 55, 0, 1, NULL, NULL, 'patgram.lalmonirhat.gov.bd', NULL, NULL),
(421, 'Aditmari', '', 55, 0, 1, NULL, NULL, 'aditmari.lalmonirhat.gov.bd', NULL, NULL),
(422, 'Syedpur', '', 56, 0, 1, NULL, NULL, 'syedpur.nilphamari.gov.bd', NULL, NULL),
(423, 'Domar', '', 56, 0, 1, NULL, NULL, 'domar.nilphamari.gov.bd', NULL, NULL),
(424, 'Dimla', '', 56, 0, 1, NULL, NULL, 'dimla.nilphamari.gov.bd', NULL, NULL),
(425, 'Jaldhaka', '', 56, 0, 1, NULL, NULL, 'jaldhaka.nilphamari.gov.bd', NULL, NULL),
(426, 'Kishorganj', '', 56, 0, 1, NULL, NULL, 'kishorganj.nilphamari.gov.bd', NULL, NULL),
(427, 'Nilphamari Sadar', ' ', 56, 0, 1, NULL, NULL, 'nilphamarisadar.nilphamari.gov.bd', NULL, NULL),
(428, 'Sadullapur', '', 57, 0, 1, NULL, NULL, 'sadullapur.gaibandha.gov.bd', NULL, NULL),
(429, 'Gaibandha Sadar', ' ', 57, 0, 1, NULL, NULL, 'gaibandhasadar.gaibandha.gov.bd', NULL, NULL),
(430, 'Palashbari', '', 57, 0, 1, NULL, NULL, 'palashbari.gaibandha.gov.bd', NULL, NULL),
(431, 'Saghata', '', 57, 0, 1, NULL, NULL, 'saghata.gaibandha.gov.bd', NULL, NULL),
(432, 'Gobindaganj', '', 57, 0, 1, NULL, NULL, 'gobindaganj.gaibandha.gov.bd', NULL, NULL),
(433, 'Sundarganj', '', 57, 0, 1, NULL, NULL, 'sundarganj.gaibandha.gov.bd', NULL, NULL),
(434, 'Phulchari', '', 57, 0, 1, NULL, NULL, 'phulchari.gaibandha.gov.bd', NULL, NULL),
(435, 'Thakurgaon Sadar', ' ', 58, 0, 1, NULL, NULL, 'thakurgaonsadar.thakurgaon.gov.bd', NULL, NULL),
(436, 'Pirganj', '', 58, 0, 1, NULL, NULL, 'pirganj.thakurgaon.gov.bd', NULL, NULL),
(437, 'Ranisankail', '', 58, 0, 1, NULL, NULL, 'ranisankail.thakurgaon.gov.bd', NULL, NULL),
(438, 'Haripur', '', 58, 0, 1, NULL, NULL, 'haripur.thakurgaon.gov.bd', NULL, NULL),
(439, 'Baliadangi', '', 58, 0, 1, NULL, NULL, 'baliadangi.thakurgaon.gov.bd', NULL, NULL),
(440, 'Rangpur Sadar', ' ', 59, 0, 1, NULL, NULL, 'rangpursadar.rangpur.gov.bd', NULL, NULL),
(441, 'Gangachara', '', 59, 0, 1, NULL, NULL, 'gangachara.rangpur.gov.bd', NULL, NULL),
(442, 'Taragonj', '', 59, 0, 1, NULL, NULL, 'taragonj.rangpur.gov.bd', NULL, NULL),
(443, 'Badargonj', '', 59, 0, 1, NULL, NULL, 'badargonj.rangpur.gov.bd', NULL, NULL),
(444, 'Mithapukur', '', 59, 0, 1, NULL, NULL, 'mithapukur.rangpur.gov.bd', NULL, NULL),
(445, 'Pirgonj', '', 59, 0, 1, NULL, NULL, 'pirgonj.rangpur.gov.bd', NULL, NULL),
(446, 'Kaunia', '', 59, 0, 1, NULL, NULL, 'kaunia.rangpur.gov.bd', NULL, NULL),
(447, 'Pirgacha', '', 59, 0, 1, NULL, NULL, 'pirgacha.rangpur.gov.bd', NULL, NULL),
(448, 'Kurigram Sadar', ' ', 60, 0, 1, NULL, NULL, 'kurigramsadar.kurigram.gov.bd', NULL, NULL),
(449, 'Nageshwari', '', 60, 0, 1, NULL, NULL, 'nageshwari.kurigram.gov.bd', NULL, NULL),
(450, 'Bhurungamari', '', 60, 0, 1, NULL, NULL, 'bhurungamari.kurigram.gov.bd', NULL, NULL),
(451, 'Phulbari', '', 60, 0, 1, NULL, NULL, 'phulbari.kurigram.gov.bd', NULL, NULL),
(452, 'Rajarhat', '', 60, 0, 1, NULL, NULL, 'rajarhat.kurigram.gov.bd', NULL, NULL),
(453, 'Ulipur', '', 60, 0, 1, NULL, NULL, 'ulipur.kurigram.gov.bd', NULL, NULL),
(454, 'Chilmari', '', 60, 0, 1, NULL, NULL, 'chilmari.kurigram.gov.bd', NULL, NULL),
(455, 'Rowmari', '', 60, 0, 1, NULL, NULL, 'rowmari.kurigram.gov.bd', NULL, NULL),
(456, 'Charrajibpur', ' ', 60, 0, 1, NULL, NULL, 'charrajibpur.kurigram.gov.bd', NULL, NULL),
(457, 'Sherpur Sadar', ' ', 61, 0, 1, NULL, NULL, 'sherpursadar.sherpur.gov.bd', NULL, NULL),
(458, 'Nalitabari', '', 61, 0, 1, NULL, NULL, 'nalitabari.sherpur.gov.bd', NULL, NULL),
(459, 'Sreebordi', '', 61, 0, 1, NULL, NULL, 'sreebordi.sherpur.gov.bd', NULL, NULL),
(460, 'Nokla', '', 61, 0, 1, NULL, NULL, 'nokla.sherpur.gov.bd', NULL, NULL),
(461, 'Jhenaigati', '', 61, 0, 1, NULL, NULL, 'jhenaigati.sherpur.gov.bd', NULL, NULL),
(462, 'Fulbaria', '', 62, 0, 1, NULL, NULL, 'fulbaria.mymensingh.gov.bd', NULL, NULL),
(463, 'Trishal', '', 62, 0, 1, NULL, NULL, 'trishal.mymensingh.gov.bd', NULL, NULL),
(464, 'Bhaluka', '', 62, 0, 1, NULL, NULL, 'bhaluka.mymensingh.gov.bd', NULL, NULL),
(465, 'Muktagacha', '', 62, 0, 1, NULL, NULL, 'muktagacha.mymensingh.gov.bd', NULL, NULL),
(466, 'Mymensingh Sadar', ' ', 62, 0, 1, NULL, NULL, 'mymensinghsadar.mymensingh.gov.bd', NULL, NULL),
(467, 'Dhobaura', '', 62, 0, 1, NULL, NULL, 'dhobaura.mymensingh.gov.bd', NULL, NULL),
(468, 'Phulpur', '', 62, 0, 1, NULL, NULL, 'phulpur.mymensingh.gov.bd', NULL, NULL),
(469, 'Haluaghat', '', 62, 0, 1, NULL, NULL, 'haluaghat.mymensingh.gov.bd', NULL, NULL),
(470, 'Gouripur', '', 62, 0, 1, NULL, NULL, 'gouripur.mymensingh.gov.bd', NULL, NULL),
(471, 'Gafargaon', '', 62, 0, 1, NULL, NULL, 'gafargaon.mymensingh.gov.bd', NULL, NULL),
(472, 'Iswarganj', '', 62, 0, 1, NULL, NULL, 'iswarganj.mymensingh.gov.bd', NULL, NULL),
(473, 'Nandail', '', 62, 0, 1, NULL, NULL, 'nandail.mymensingh.gov.bd', NULL, NULL),
(474, 'Tarakanda', '', 62, 0, 1, NULL, NULL, 'tarakanda.mymensingh.gov.bd', NULL, NULL),
(475, 'Jamalpur Sadar', ' ', 63, 0, 1, NULL, NULL, 'jamalpursadar.jamalpur.gov.bd', NULL, NULL),
(476, 'Melandah', '', 63, 0, 1, NULL, NULL, 'melandah.jamalpur.gov.bd', NULL, NULL),
(477, 'Islampur', '', 63, 0, 1, NULL, NULL, 'islampur.jamalpur.gov.bd', NULL, NULL),
(478, 'Dewangonj', '', 63, 0, 1, NULL, NULL, 'dewangonj.jamalpur.gov.bd', NULL, NULL),
(479, 'Sarishabari', '', 63, 0, 1, NULL, NULL, 'sarishabari.jamalpur.gov.bd', NULL, NULL),
(480, 'Madarganj', '', 63, 0, 1, NULL, NULL, 'madarganj.jamalpur.gov.bd', NULL, NULL),
(481, 'Bokshiganj', '', 63, 0, 1, NULL, NULL, 'bokshiganj.jamalpur.gov.bd', NULL, NULL),
(482, 'Barhatta', '', 64, 0, 1, NULL, NULL, 'barhatta.netrokona.gov.bd', NULL, NULL),
(483, 'Durgapur', '', 64, 0, 1, NULL, NULL, 'durgapur.netrokona.gov.bd', NULL, NULL),
(484, 'Kendua', '', 64, 0, 1, NULL, NULL, 'kendua.netrokona.gov.bd', NULL, NULL),
(485, 'Atpara', '', 64, 0, 1, NULL, NULL, 'atpara.netrokona.gov.bd', NULL, NULL),
(486, 'Madan', '', 64, 0, 1, NULL, NULL, 'madan.netrokona.gov.bd', NULL, NULL),
(487, 'Khaliajuri', '', 64, 0, 1, NULL, NULL, 'khaliajuri.netrokona.gov.bd', NULL, NULL),
(488, 'Kalmakanda', '', 64, 0, 1, NULL, NULL, 'kalmakanda.netrokona.gov.bd', NULL, NULL),
(489, 'Mohongonj', '', 64, 0, 1, NULL, NULL, 'mohongonj.netrokona.gov.bd', NULL, NULL),
(490, 'Purbadhala', '', 64, 0, 1, NULL, NULL, 'purbadhala.netrokona.gov.bd', NULL, NULL),
(491, 'Netrokona Sadar', ' ', 64, 0, 1, NULL, NULL, 'netrokonasadar.netrokona.gov.bd', NULL, NULL);

INSERT INTO `attribute_values` (`id`, `value`, `code`, `attribute_id`, `created_at`, `updated_at`) VALUES
(32, '2000MAH', '2000MAH', 20, '2021-02-06 19:25:54', '2021-02-06 19:25:54'),
(35, 'Photography', '0003', 21, '2021-02-07 16:54:23', '2021-02-07 16:54:23'),
(36, 'High Resolution', '0004', 21, '2021-02-07 16:54:23', '2021-02-07 16:54:23'),
(37, '15.6 Inch', '15.6inch', 3, '2021-02-19 15:47:58', '2021-02-19 15:47:58'),
(38, '14 Inch', '14inch', 3, '2021-02-19 15:47:58', '2021-02-19 15:47:58'),
(39, '11 Inch', '11inch', 3, '2021-02-19 15:47:58', '2021-02-19 15:47:58'),
(40, '14.5 Inch', '14.5inch', 3, '2021-02-19 15:47:58', '2021-02-19 15:47:58'),
(41, '4GB', '4GB', 22, '2021-02-20 17:58:26', '2021-02-20 17:58:26'),
(42, '8GB', '8GB', 22, '2021-02-20 17:58:26', '2021-02-20 17:58:26'),
(43, '16GB', '16GB', 22, '2021-02-20 17:58:26', '2021-02-20 17:58:26'),
(44, '32GB', '32GB', 22, '2021-02-20 17:58:26', '2021-02-20 17:58:26'),
(45, '1TB HDD', '1TB HDD', 23, '2021-02-20 18:01:26', '2021-02-20 18:01:26'),
(46, '500 MB', '500 MB', 23, '2021-02-20 18:01:26', '2021-02-20 18:01:26'),
(47, 'Intel UHD Graphics 600', 'Intel UHD Graphics 600', 24, '2021-02-20 18:03:04', '2021-02-20 18:03:04'),
(48, 'WiFi', 'WiFi', 25, '2021-02-20 18:03:46', '2021-02-20 18:03:46'),
(49, 'Windows', 'Windows', 26, '2021-02-20 18:04:53', '2021-02-20 18:04:53'),
(50, 'Mac', 'Mac', 26, '2021-02-20 18:04:53', '2021-02-20 18:04:53'),
(51, 'Linux', 'Linux', 26, '2021-02-20 18:04:53', '2021-02-20 18:04:53'),
(52, 'Black', 'Black', 27, '2021-02-20 18:06:10', '2021-02-20 18:06:10'),
(53, 'Graphite Grey', 'Graphite Grey', 27, '2021-02-20 18:06:10', '2021-02-20 18:06:10'),
(54, 'Moon White', 'Moon White', 27, '2021-02-20 18:06:10', '2021-02-20 18:06:10'),
(55, 'Phantom Black', 'Phantom Black', 27, '2021-02-20 18:06:10', '2021-02-20 18:06:10'),
(56, 'Platinum Grey', 'Platinum Grey', 27, '2021-02-20 18:06:10', '2021-02-20 18:06:10'),
(59, 'Black', '#000', 30, '2021-02-20 18:42:43', '2021-02-20 18:42:43'),
(60, 'White', '#FFF', 30, '2021-02-20 18:42:43', '2021-02-20 18:42:43'),
(61, '2000 MAH', '2000 MAH', 31, '2021-02-21 16:21:18', '2021-02-21 16:21:18'),
(62, '1000 MAH', '1000 MAH', 31, '2021-02-21 16:21:18', '2021-02-21 16:21:18');

INSERT INTO `attributes` (`id`, `name`, `slug`, `business_id`, `category_id`, `created_at`, `updated_at`, `deleted_at`) VALUES
(1, 'Color Upated', 'color-upated', 1, 21, '2021-02-06 17:22:21', '2021-02-20 17:40:44', '2021-02-20 17:40:44'),
(3, 'Display Size', 'display-size', 1, 3, '2021-02-06 11:34:34', '2021-02-19 15:47:58', NULL),
(4, 'Size', 'size-1', 1, 21, '2021-02-06 11:35:07', '2021-02-20 17:40:32', '2021-02-20 17:40:32'),
(5, 'Size', 'size-2', 1, 21, '2021-02-06 11:35:11', '2021-02-20 17:40:36', '2021-02-20 17:40:36'),
(7, 'Size', 'size-4', 1, 21, '2021-02-06 11:39:27', '2021-02-20 17:55:52', '2021-02-20 17:55:52'),
(10, 'Color', 'color-1', 1, 21, '2021-02-06 11:52:56', '2021-02-20 17:55:57', '2021-02-20 17:55:57'),
(13, '4', '4', 1, 2, '2021-02-06 17:33:43', '2021-02-20 17:40:21', '2021-02-20 17:40:21'),
(17, 'test', 'test', 1, 3, '2021-02-06 17:38:43', '2021-02-20 17:40:28', '2021-02-20 17:40:28'),
(18, 'Final Test', 'final-test', 1, 2, '2021-02-06 17:42:16', '2021-02-20 17:56:06', '2021-02-20 17:56:06'),
(20, 'Battery Size', 'battery-size', 1, 20, '2021-02-06 19:05:09', '2021-02-06 19:25:29', NULL),
(21, 'Camera Resulation', 'camera-resulation', 1, 20, '2021-02-07 16:54:23', '2021-02-20 17:41:05', NULL),
(22, 'Memory', 'memory', 1, 22, '2021-02-20 17:58:26', '2021-02-20 17:58:26', NULL),
(23, 'Storage', 'storage', 1, 22, '2021-02-20 18:01:26', '2021-02-20 18:01:26', NULL),
(24, 'Graphics', 'graphics', 1, 22, '2021-02-20 18:03:04', '2021-02-20 18:03:04', NULL),
(25, 'Network & Connectivity', 'network-&-connectivity', 1, 3, '2021-02-20 18:03:46', '2021-02-20 18:03:46', NULL),
(26, 'Operating System', 'operating-system', 1, 3, '2021-02-20 18:04:53', '2021-02-20 18:04:53', NULL),
(27, 'Color', 'color', 1, 3, '2021-02-20 18:06:10', '2021-02-20 18:06:10', NULL),
(30, 'Color', 'color-1', 1, 23, '2021-02-20 18:42:43', '2021-02-20 18:42:43', NULL),
(31, 'Battery Size', 'battery-size-1', 1, 5, '2021-02-21 16:21:18', '2021-02-21 16:21:18', NULL);

INSERT INTO `barcode_types` (`id`, `name`, `code`, `business_id`, `created_at`, `updated_at`) VALUES
(1, 'C39', 'C39', NULL, '2021-02-19 15:07:30', '2021-02-19 15:07:30'),
(2, 'C128', 'C128', NULL, '2021-02-19 15:08:39', '2021-02-19 15:08:39'),
(3, 'EAN-13', 'EAN-13', NULL, '2021-02-19 15:08:39', '2021-02-19 15:08:39'),
(4, 'EAN-8', 'EAN-8', NULL, '2021-02-19 15:08:39', '2021-02-19 15:08:39'),
(5, 'UPC-A', 'UPC-A', NULL, '2021-02-19 15:08:39', '2021-02-19 15:08:39'),
(6, 'UPC-E', 'UPC-E', NULL, '2021-02-19 15:08:39', '2021-02-19 15:08:39'),
(7, 'ITF-14', 'ITF-14', NULL, '2021-02-19 15:08:39', '2021-02-19 15:08:39');

INSERT INTO `brands` (`id`, `business_id`, `name`, `image`, `banner`, `description`, `created_by`, `deleted_at`, `created_at`, `updated_at`, `slug`) VALUES
(2, 1, 'Samsung', 'brand-samsung.png', NULL, 'Smart Phone', 1, NULL, '2020-11-12 18:30:34', '2020-11-12 18:30:34', 'samsung'),
(3, 1, 'Apple', 'brand-apple.png', NULL, 'Apple Brand', 1, NULL, '2020-11-12 20:37:06', '2020-11-12 20:37:06', 'apple'),
(4, 1, 'HP', 'brand-hp.png', NULL, 'Apple Brand', 1, NULL, '2020-11-12 20:37:07', '2020-11-12 20:37:07', 'hp'),
(5, 1, 'ASUS', 'brand-asus.png', NULL, 'Asus Brand', 1, NULL, '2020-11-12 20:37:07', '2020-11-12 20:37:07', 'asus'),
(10, 2, 'Test Brand', 'brand--1612330498.png', 'brand-banner--1612330498.jpg', 'Testing Description', 1, '2021-02-20 17:37:11', '2021-02-03 05:01:28', '2021-02-20 17:37:11', 'test'),
(11, 3, 'Test brand', 'brand--1612330393.png', NULL, 'test descrioon', 1, '2021-02-20 17:37:05', '2021-02-03 05:17:19', '2021-02-20 17:37:05', 'test1'),
(12, 1, 'Sony', 'brand--1613843682.jpg', 'brand-banner--1613843682.png', 'Sony', 1, NULL, '2021-02-20 17:54:42', '2021-02-20 17:54:42', 'sony'),
(13, 1, 'Un Categorized', NULL, NULL, 'Un Categorized', 1, NULL, '2021-02-20 18:45:24', '2021-02-20 18:45:24', 'un-categorized');

INSERT INTO `business` (`id`, `name`, `bin`, `currency_id`, `start_date`, `tax_number_1`, `tax_label_1`, `tax_number_2`, `tax_label_2`, `default_profit_percent`, `owner_id`, `time_zone`, `fy_start_month`, `accounting_method`, `default_sales_discount`, `sell_price_tax`, `logo`, `banner`, `sku_prefix`, `enable_tooltip`, `enable_referrel_system`, `is_main_shop`, `shipping_charge_city`, `shipping_charge_local`, `created_at`, `updated_at`, `slug`) VALUES
(1, 'Maccaf Mall', 'Maccaf12019212', 1, '2020-11-01', '121212', 'Tax', '121212', 'Tax2', 10.00, 1, 'Asia/Kolkata', 1, 'fifo', 0.00, 'includes', 'vendor-maccaf.png', 'vendor-maccaf-banner.png', NULL, 1, 0, 1, 50, 80, '2020-11-05 00:32:32', '2020-11-05 00:32:32', 'maccaf'),
(2, 'Bata Store', 'Bata121209', 1, '2020-11-01', '121212', 'Tax', '121212', 'Tax2', 10.00, 1, 'Asia/Kolkata', 1, 'fifo', 0.00, 'includes', 'vendor-bata.png', 'vendor-bata-banner.png', NULL, 1, 0, 0, 0, 0, '2020-11-05 00:32:32', '2020-11-05 00:32:32', 'bata'),
(3, 'Shopno Bazaar', 'Shopnobazar', 1, '2020-11-01', '121212', 'Tax', '121212', 'Tax2', 10.00, 1, 'Asia/Kolkata', 1, 'fifo', 0.00, 'includes', 'vendor-shopno.jpg', 'vendor-shopno-banner.png', NULL, 1, 0, 0, 0, 0, '2020-11-05 00:32:32', '2020-11-05 00:32:32', 'shopno'),
(4, 'Rahim Store', 'rahimstore', 1, '2020-11-01', '121212', 'Tax', '121212', 'Tax2', 10.00, 1, 'Asia/Kolkata', 1, 'fifo', 0.00, 'includes', 'vendor-rahimstore.png', 'vendor-rahim-banner.png', NULL, 1, 0, 0, 0, 0, '2020-11-05 00:32:32', '2020-11-05 00:32:32', 'rahim'),
(5, 'Akash Shop', NULL, 1, NULL, NULL, 'Tax', NULL, NULL, 0.00, 15, 'Asia/Kolkata', 1, 'fifo', NULL, 'includes', NULL, NULL, NULL, 1, 0, 0, 0, 0, '2021-02-07 11:28:08', '2021-02-07 11:28:08', 'akash'),
(6, 'Akash Shop', NULL, 1, NULL, NULL, 'Tax', NULL, NULL, 0.00, 16, 'Asia/Kolkata', 1, 'fifo', 0.00, 'includes', NULL, NULL, NULL, 1, 0, 0, 0, 0, '2021-02-07 11:39:20', '2021-02-07 11:39:20', 'akash-1'),
(7, 'Akash Shop', NULL, 1, NULL, NULL, 'Tax', NULL, NULL, 0.00, 18, 'Asia/Kolkata', 1, 'fifo', 0.00, 'includes', NULL, NULL, NULL, 1, 0, 0, 0, 0, '2021-02-07 11:44:24', '2021-02-07 11:44:24', 'akash-2'),
(9, 'Akash Shop', NULL, 1, NULL, NULL, 'Tax', NULL, NULL, 0.00, 25, 'Asia/Kolkata', 1, 'fifo', 0.00, 'includes', NULL, NULL, NULL, 1, 0, 0, 0, 0, '2021-02-10 06:05:31', '2021-02-10 06:05:31', 'akash-3'),
(10, 'Akash Shop', 'shop', 7, '2021-04-14', '34', 'Tax', '34', '433', 0.00, 26, 'Asia/Kolkata', 1, 'fifo', 0.00, '', 'vendor-logo--1617269150.webp', 'vendor-banner--1617269150.jpg', NULL, 1, 0, 0, 0, 0, '2021-02-10 06:14:43', '2021-04-01 15:25:50', 'akash-4'),
(11, 'Mission21', '45', 8, '2021-04-15', '45', 'Tax', '45', '45', 0.00, 32, 'Asia/Kolkata', 1, 'fifo', 0.00, '', 'vendor-logo--1617217012.webp', 'vendor-banner--1617217012.webp', NULL, 1, 0, 0, 0, 0, '2021-03-28 23:27:36', '2021-04-01 00:57:34', 'mission21'),
(15, 'DevStation32', '21', 7, '2021-04-01', '5', '4', '4', '2', 21.00, 1, '4', 1, 'lifo', 23.00, '', 'vendor-logo--1617216926.png', 'vendor-banner--1617216965.webp', NULL, 0, 0, 0, 0, 0, '2021-03-31 23:56:05', '2021-04-01 15:45:35', 'devstation'),
(16, 'Othoba.com', 'othoba', 7, '2021-04-01', '2', '2', '2', '2', 2.00, 1, '2', 1, 'fifo', 2.00, 'excludes', 'vendor-logo--1617270903.webp', 'vendor-banner--1617270903.webp', NULL, 1, 0, 0, 0, 0, '2021-04-01 15:55:03', '2021-04-01 15:55:50', 'othoba.com');

INSERT INTO `business_locations` (`id`, `business_id`, `name`, `landmark`, `country`, `state`, `city`, `zip_code`, `mobile`, `alternate_number`, `email`, `website`, `deleted_at`, `created_at`, `updated_at`) VALUES
(1, 1, 'Maccaf Main Store', '87/Ka Mohakhali', 'Bangladesh', 'Dhaka', 'Dhaka', '1213', '01951233084', '01951233081', 'maccaf@gmail.com', 'maccaf.com', NULL, '2021-02-06 14:13:56', '2021-02-06 14:13:56'),
(2, 2, 'Bata Main Store', '87/Ka Mohakhali', 'Bangladesh', 'Dhaka', 'Dhaka', '1213', '01951233084', '01951233081', 'bata@gmail.com', 'test.com', NULL, '2021-02-06 14:13:56', '2021-02-06 14:13:56'),
(3, 4, 'Rahim Main Store', '87/Ka Mohakhali', 'Bangladesh', 'Dhaka', 'Dhaka', '1213', '01951233084', '01951233081', 'rohim@gmail.com', 'rahimstore.com', NULL, '2021-02-06 14:13:56', '2021-02-06 14:13:56'),
(4, 5, 'Akash Shop', NULL, 'Bangladesh', NULL, NULL, NULL, NULL, NULL, 'akash14@mail.com', NULL, NULL, '2021-02-07 11:28:08', '2021-02-07 11:28:08'),
(5, 6, 'Akash Shop', NULL, 'Bangladesh', NULL, NULL, NULL, NULL, NULL, 'akash90@mail.com', NULL, NULL, '2021-02-07 11:39:20', '2021-02-07 11:39:20'),
(6, 7, 'Akash Shop', NULL, 'Bangladesh', NULL, NULL, NULL, NULL, NULL, 'akash111@mail.com', NULL, NULL, '2021-02-07 11:44:24', '2021-02-07 11:44:24'),
(8, 9, 'Akash Shop', NULL, 'Bangladesh', NULL, NULL, NULL, NULL, NULL, 'vendor41@mail.com', NULL, NULL, '2021-02-10 06:05:31', '2021-02-10 06:05:31'),
(9, 10, 'Akash Shop', NULL, 'Bangladesh', NULL, NULL, NULL, NULL, NULL, 'vendor42@mail.com', NULL, NULL, '2021-02-10 06:14:43', '2021-02-10 06:14:43'),
(10, 11, 'Mission21', NULL, 'Bangladesh', NULL, NULL, NULL, NULL, NULL, NULL, NULL, NULL, '2021-03-28 23:27:36', '2021-03-28 23:27:36');

INSERT INTO `categories` (`id`, `name`, `short_description`, `description`, `business_id`, `short_code`, `image`, `banner`, `parent_id`, `is_visible_homepage`, `priority`, `created_by`, `deleted_at`, `created_at`, `updated_at`) VALUES
(2, 'Electronics', 'Your Most Favorite Electronic Products...', NULL, 1, 'electronics', 'category-electronics-1612337863.png', 'category-banner-electronics-1612337862.png', NULL, 1, 1, 1, NULL, '2020-11-12 20:30:56', '2021-02-03 07:37:43'),
(3, 'Laptop', NULL, NULL, 1, 'laptop', 'category-laptop.png', 'category-banner-laptop-1612337875.jpg', 2, 0, 10, 1, NULL, '2020-11-12 20:31:26', '2021-02-03 07:37:55'),
(4, 'SmartPhone', 'Your Most Favorite Smartphones here...', 'Your Most Favorite Smartphones here...', 1, 'smartphone', NULL, NULL, 2, 0, 2, 1, NULL, '2020-11-12 20:31:51', '2020-11-12 20:31:51'),
(5, 'Samsung', NULL, NULL, 1, 'samsung', 'category-samsung.png', 'category-banner-samsung-1612337838.png', 4, 0, 10, 1, NULL, '2020-11-12 20:32:29', '2021-02-03 07:37:18'),
(6, 'Apple', NULL, NULL, 1, 'apple', NULL, NULL, 4, 0, 10, 1, NULL, '2020-11-12 20:32:44', '2020-11-12 20:32:44'),
(7, 'Camera', NULL, NULL, 1, 'camera', 'category-camera-1612337826.png', 'category-banner-camera-1612337826.jpg', 2, 0, 10, 1, NULL, '2020-11-12 20:33:07', '2021-02-03 07:37:06'),
(8, 'Fashion', 'Your Fashion Store', '<p>Your Fashion Store</p>', 1, 'fashion', 'category-fashion-1612337382.jpg', NULL, NULL, 1, 1, 1, NULL, '2020-11-12 20:33:07', '2021-02-03 07:29:42'),
(9, 'Gents', NULL, NULL, 1, 'gents', 'category-shirt.png', NULL, 8, 0, 10, 1, NULL, '2020-11-12 20:33:07', '2021-02-20 18:08:42'),
(19, 'Baby Corner', 'Test', NULL, 1, 'baby-corner', 'category-1607804161.png', NULL, 8, 1, 1, 1, NULL, '2020-12-12 20:16:01', '2020-12-12 20:16:01'),
(20, 'Sony Camera', 'Discover a wide range of Digital Cameras including Canon, Nikon, Sony, Samsung at best price in', '<p>Discover a wide range of Digital Cameras including Canon, Nikon, Sony, Samsung at best price in Bangladesh. Shop online or visit your nearest Star Tech</p>', 4, 'sony-camera', 'category-sony-camera-1616928084.jpg', 'category-banner-sony-camera-1616927479.jpg', 7, 1, 1, 1, NULL, '2020-12-12 20:21:41', '2021-03-28 16:41:24'),
(21, 'Test Category', 'Testing now', '<p>Testing </p>', 3, 'test-cat', 'category-409-1612337359.png', NULL, 4, 1, 4, 1, '2021-02-20 23:51:53', '2021-02-03 07:29:19', '2021-02-03 07:29:19'),
(22, 'HP Laptop', 'Welcome to HP Laptop', '<p>Welcome to HP Laptop</p>', 1, 'HP-laptop', 'category-HP-laptop-1613842648.webp', NULL, 3, 1, 1, 1, NULL, '2021-02-19 15:43:02', '2021-02-20 17:37:28'),
(23, 'Gents Shirt', NULL, NULL, 1, 'gents-shirt', 'category-gents-shirt-1613846181.webp', NULL, 9, 1, 1, 1, NULL, '2021-02-20 18:36:21', '2021-02-20 18:36:21'),
(24, 'Un Categorized', NULL, NULL, 1, 'un-categorized', NULL, NULL, NULL, 1, 1, 1, NULL, '2021-02-20 18:49:13', '2021-02-20 18:49:13');

INSERT INTO `cities` (`id`, `name`, `bn_name`, `country_id`, `priority`, `status`, `lat`, `lon`, `url`, `created_at`, `updated_at`) VALUES
(1, 'Comilla', '', 19, 0, 1, '23.4682747', '91.1788135', 'www.comilla.gov.bd', NULL, NULL),
(2, 'Feni', '', 19, 0, 1, '23.023231', '91.3840844', 'www.feni.gov.bd', NULL, NULL),
(3, 'Brahmanbaria', '', 19, 0, 1, '23.9570904', '91.1119286', 'www.brahmanbaria.gov.bd', NULL, NULL),
(4, 'Rangamati', '', 19, 0, 1, NULL, NULL, 'www.rangamati.gov.bd', NULL, NULL),
(5, 'Noakhali', '', 19, 0, 1, '22.869563', '91.099398', 'www.noakhali.gov.bd', NULL, NULL),
(6, 'Chandpur', '', 19, 0, 1, '23.2332585', '90.6712912', 'www.chandpur.gov.bd', NULL, NULL),
(7, 'Lakshmipur', '', 19, 0, 1, '22.942477', '90.841184', 'www.lakshmipur.gov.bd', NULL, NULL),
(8, 'Chattogram', '', 19, 0, 1, '22.335109', '91.834073', 'www.chittagong.gov.bd', NULL, NULL),
(9, 'Coxsbazar', '', 19, 0, 1, NULL, NULL, 'www.coxsbazar.gov.bd', NULL, NULL),
(10, 'Khagrachhari', '', 19, 0, 1, '23.119285', '91.984663', 'www.khagrachhari.gov.bd', NULL, NULL),
(11, 'Bandarban', '', 19, 0, 1, '22.1953275', '92.2183773', 'www.bandarban.gov.bd', NULL, NULL),
(12, 'Sirajganj', '', 19, 0, 1, '24.4533978', '89.7006815', 'www.sirajganj.gov.bd', NULL, NULL),
(13, 'Pabna', '', 19, 0, 1, '23.998524', '89.233645', 'www.pabna.gov.bd', NULL, NULL),
(14, 'Bogura', '', 19, 0, 1, '24.8465228', '89.377755', 'www.bogra.gov.bd', NULL, NULL),
(15, 'Rajshahi', '', 19, 0, 1, NULL, NULL, 'www.rajshahi.gov.bd', NULL, NULL),
(16, 'Natore', '', 19, 0, 1, '24.420556', '89.000282', 'www.natore.gov.bd', NULL, NULL),
(17, 'Joypurhat', '', 19, 0, 1, NULL, NULL, 'www.joypurhat.gov.bd', NULL, NULL),
(18, 'Chapainawabganj', '', 19, 0, 1, '24.5965034', '88.2775122', 'www.chapainawabganj.gov.bd', NULL, NULL),
(19, 'Naogaon', '', 19, 0, 1, NULL, NULL, 'www.naogaon.gov.bd', NULL, NULL),
(20, 'Jashore', '', 19, 0, 1, '23.16643', '89.2081126', 'www.jessore.gov.bd', NULL, NULL),
(21, 'Satkhira', '', 19, 0, 1, NULL, NULL, 'www.satkhira.gov.bd', NULL, NULL),
(22, 'Meherpur', '', 19, 0, 1, '23.762213', '88.631821', 'www.meherpur.gov.bd', NULL, NULL),
(23, 'Narail', '', 19, 0, 1, '23.172534', '89.512672', 'www.narail.gov.bd', NULL, NULL),
(24, 'Chuadanga', '', 19, 0, 1, '23.6401961', '88.841841', 'www.chuadanga.gov.bd', NULL, NULL),
(25, 'Kushtia', '', 19, 0, 1, '23.901258', '89.120482', 'www.kushtia.gov.bd', NULL, NULL),
(26, 'Magura', '', 19, 0, 1, '23.487337', '89.419956', 'www.magura.gov.bd', NULL, NULL),
(27, 'Khulna', '', 19, 0, 1, '22.815774', '89.568679', 'www.khulna.gov.bd', NULL, NULL),
(28, 'Bagerhat', '', 19, 0, 1, '22.651568', '89.785938', 'www.bagerhat.gov.bd', NULL, NULL),
(29, 'Jhenaidah', '', 19, 0, 1, '23.5448176', '89.1539213', 'www.jhenaidah.gov.bd', NULL, NULL),
(30, 'Jhalakathi', '', 19, 0, 1, NULL, NULL, 'www.jhalakathi.gov.bd', NULL, NULL),
(31, 'Patuakhali', '', 19, 0, 1, '22.3596316', '90.3298712', 'www.patuakhali.gov.bd', NULL, NULL),
(32, 'Pirojpur', '', 19, 0, 1, NULL, NULL, 'www.pirojpur.gov.bd', NULL, NULL),
(33, 'Barisal', '', 19, 0, 1, NULL, NULL, 'www.barisal.gov.bd', NULL, NULL),
(34, 'Bhola', '', 19, 0, 1, '22.685923', '90.648179', 'www.bhola.gov.bd', NULL, NULL),
(35, 'Barguna', '', 19, 0, 1, NULL, NULL, 'www.barguna.gov.bd', NULL, NULL),
(36, 'Sylhet', '', 19, 0, 1, '24.8897956', '91.8697894', 'www.sylhet.gov.bd', NULL, NULL),
(37, 'Moulvibazar', '', 19, 0, 1, '24.482934', '91.777417', 'www.moulvibazar.gov.bd', NULL, NULL),
(38, 'Habiganj', '', 19, 0, 1, '24.374945', '91.41553', 'www.habiganj.gov.bd', NULL, NULL),
(39, 'Sunamganj', '', 19, 0, 1, '25.0658042', '91.3950115', 'www.sunamganj.gov.bd', NULL, NULL),
(40, 'Narsingdi', '', 19, 0, 1, '23.932233', '90.71541', 'www.narsingdi.gov.bd', NULL, NULL),
(41, 'Gazipur', '', 19, 0, 1, '24.0022858', '90.4264283', 'www.gazipur.gov.bd', NULL, NULL),
(42, 'Shariatpur', '', 19, 0, 1, NULL, NULL, 'www.shariatpur.gov.bd', NULL, NULL),
(43, 'Narayanganj', '', 19, 0, 1, '23.63366', '90.496482', 'www.narayanganj.gov.bd', NULL, NULL),
(44, 'Tangail', '', 19, 0, 1, NULL, NULL, 'www.tangail.gov.bd', NULL, NULL),
(45, 'Kishoreganj', '', 19, 0, 1, '24.444937', '90.776575', 'www.kishoreganj.gov.bd', NULL, NULL),
(46, 'Manikganj', '', 19, 0, 1, NULL, NULL, 'www.manikganj.gov.bd', NULL, NULL),
(47, 'Dhaka', '', 19, 0, 1, '23.7115253', '90.4111451', 'www.dhaka.gov.bd', NULL, NULL),
(48, 'Munshiganj', '', 19, 0, 1, NULL, NULL, 'www.munshiganj.gov.bd', NULL, NULL),
(49, 'Rajbari', '', 19, 0, 1, '23.7574305', '89.6444665', 'www.rajbari.gov.bd', NULL, NULL),
(50, 'Madaripur', '', 19, 0, 1, '23.164102', '90.1896805', 'www.madaripur.gov.bd', NULL, NULL),
(51, 'Gopalganj', '', 19, 0, 1, '23.0050857', '89.8266059', 'www.gopalganj.gov.bd', NULL, NULL),
(52, 'Faridpur', '', 19, 0, 1, '23.6070822', '89.8429406', 'www.faridpur.gov.bd', NULL, NULL),
(53, 'Panchagarh', '', 19, 0, 1, '26.3411', '88.5541606', 'www.panchagarh.gov.bd', NULL, NULL),
(54, 'Dinajpur', '', 19, 0, 1, '25.6217061', '88.6354504', 'www.dinajpur.gov.bd', NULL, NULL),
(55, 'Lalmonirhat', '', 19, 0, 1, NULL, NULL, 'www.lalmonirhat.gov.bd', NULL, NULL),
(56, 'Nilphamari', '', 19, 0, 1, '25.931794', '88.856006', 'www.nilphamari.gov.bd', NULL, NULL),
(57, 'Gaibandha', '', 19, 0, 1, '25.328751', '89.528088', 'www.gaibandha.gov.bd', NULL, NULL),
(58, 'Thakurgaon', '', 19, 0, 1, '26.0336945', '88.4616834', 'www.thakurgaon.gov.bd', NULL, NULL),
(59, 'Rangpur', '', 19, 0, 1, '25.7558096', '89.244462', 'www.rangpur.gov.bd', NULL, NULL),
(60, 'Kurigram', '', 19, 0, 1, '25.805445', '89.636174', 'www.kurigram.gov.bd', NULL, NULL),
(61, 'Sherpur', '', 19, 0, 1, '25.0204933', '90.0152966', 'www.sherpur.gov.bd', NULL, NULL),
(62, 'Mymensingh', '', 19, 0, 1, '24.7465670', '90.4072093', 'www.mymensingh.gov.bd', NULL, NULL),
(63, 'Jamalpur', '', 19, 0, 1, '24.937533', '89.937775', 'www.jamalpur.gov.bd', NULL, NULL),
(64, 'Netrokona', '', 19, 0, 1, '24.870955', '90.727887', 'www.netrokona.gov.bd', NULL, NULL);

INSERT INTO `countries` (`id`, `name`, `code`, `phone_code`, `flag`, `lat`, `lon`, `url`) VALUES
(1, 'Andorra', 'AD', '376', 'AD.png', NULL, NULL, NULL),
(2, 'United Arab Emirates (  )', 'AE', '971', 'AE.png', NULL, NULL, NULL),
(3, 'Afghanistan ()', 'AF', '93', 'AF.png', NULL, NULL, NULL),
(4, 'Antigua and Barbuda', 'AG', '1268', 'AG.png', NULL, NULL, NULL),
(5, 'Anguilla', 'AI', '1264', 'AI.png', NULL, NULL, NULL),
(6, 'Albania (Shqipri)', 'AL', '355', 'AL.png', NULL, NULL, NULL),
(7, 'Armenia ()', 'AM', '374', 'AM.png', NULL, NULL, NULL),
(8, 'NETHERLANDS ANTILLES', 'AN', '599', 'AN.png', NULL, NULL, NULL),
(9, 'Angola', 'AO', '244', 'AO.png', NULL, NULL, NULL),
(10, 'Antarctica', 'AQ', '672', 'AQ.png', NULL, NULL, NULL),
(11, 'Argentina', 'AR', '54', 'AR.png', NULL, NULL, NULL),
(12, 'American Samoa', 'AS', '1684', 'AS.png', NULL, NULL, NULL),
(13, 'Austria (sterreich)', 'AT', '43', 'AT.png', NULL, NULL, NULL),
(14, 'Australia', 'AU', '61', 'AU.png', NULL, NULL, NULL),
(15, 'Aruba', 'AW', '297', 'AW.png', NULL, NULL, NULL),
(16, 'Azerbaijan (Azrbaycan)', 'AZ', '994', 'AZ.png', NULL, NULL, NULL),
(17, 'Bosnia and Herzegovina (  )', 'BA', '387', 'BA.png', NULL, NULL, NULL),
(18, 'Barbados', 'BB', '1246', 'BB.png', NULL, NULL, NULL),
(19, 'Bangladesh ()', 'BD', '880', 'BD.png', NULL, NULL, NULL),
(20, 'Belgium (Belgi)', 'BE', '32', 'BE.png', NULL, NULL, NULL),
(21, 'Burkina Faso', 'BF', '226', 'BF.png', NULL, NULL, NULL),
(22, 'Bulgaria ()', 'BG', '359', 'BG.png', NULL, NULL, NULL),
(23, 'Bahrain ()', 'BH', '973', 'BH.png', NULL, NULL, NULL),
(24, 'Burundi (Uburundi)', 'BI', '257', 'BI.png', NULL, NULL, NULL),
(25, 'Benin (Bnin)', 'BJ', '229', 'BJ.png', NULL, NULL, NULL),
(26, 'Saint Barthlemy (Saint-Barthlemy)', 'BL', '590', 'BL.png', NULL, NULL, NULL),
(27, 'Bermuda', 'BM', '1441', 'BM.png', NULL, NULL, NULL),
(28, 'Brunei', 'BN', '673', 'BN.png', NULL, NULL, NULL),
(29, 'Bolivia', 'BO', '591', 'BO.png', NULL, NULL, NULL),
(30, 'Brazil (Brasil)', 'BR', '55', 'BR.png', NULL, NULL, NULL),
(31, 'Bahamas', 'BS', '1242', 'BS.png', NULL, NULL, NULL),
(32, 'Bhutan ()', 'BT', '975', 'BT.png', NULL, NULL, NULL),
(33, 'Botswana', 'BW', '267', 'BW.png', NULL, NULL, NULL),
(34, 'Belarus ()', 'BY', '375', 'BY.png', NULL, NULL, NULL),
(35, 'Belize', 'BZ', '501', 'BZ.png', NULL, NULL, NULL),
(36, 'Canada', 'CA', '1', 'CA.png', NULL, NULL, NULL),
(37, 'Cocos (Keeling) Islands (Kepulauan Cocos (Keeling))', 'CC', '61', 'CC.png', NULL, NULL, NULL),
(38, 'Congo (DRC) (Jamhuri ya Kidemokrasia ya Kongo)', 'CD', '243', 'CD.png', NULL, NULL, NULL),
(39, 'Central African Republic (Rpublique centrafricaine)', 'CF', '236', 'CF.png', NULL, NULL, NULL),
(40, 'Congo (Republic) (Congo-Brazzaville)', 'CG', '242', 'CG.png', NULL, NULL, NULL),
(41, 'Switzerland (Schweiz)', 'CH', '41', 'CH.png', NULL, NULL, NULL),
(42, 'Cte dIvoire', 'CI', '225', 'CI.png', NULL, NULL, NULL),
(43, 'Cook Islands', 'CK', '682', 'CK.png', NULL, NULL, NULL),
(44, 'Chile', 'CL', '56', 'CL.png', NULL, NULL, NULL),
(45, 'Cameroon (Cameroun)', 'CM', '237', 'CM.png', NULL, NULL, NULL),
(46, 'China ()', 'CN', '86', 'CN.png', NULL, NULL, NULL),
(47, 'Colombia', 'CO', '57', 'CO.png', NULL, NULL, NULL),
(48, 'Costa Rica', 'CR', '506', 'CR.png', NULL, NULL, NULL),
(49, 'Cuba', 'CU', '53', 'CU.png', NULL, NULL, NULL),
(50, 'Cape Verde (Kabu Verdi)', 'CV', '238', 'CV.png', NULL, NULL, NULL),
(51, 'Christmas Island', 'CX', '61', 'CX.png', NULL, NULL, NULL),
(52, 'Cyprus ()', 'CY', '357', 'CY.png', NULL, NULL, NULL),
(53, 'Czech Republic (esk republika)', 'CZ', '420', 'CZ.png', NULL, NULL, NULL),
(54, 'Germany (Deutschland)', 'DE', '49', 'DE.png', NULL, NULL, NULL),
(55, 'Djibouti', 'DJ', '253', 'DJ.png', NULL, NULL, NULL),
(56, 'Denmark (Danmark)', 'DK', '45', 'DK.png', NULL, NULL, NULL),
(57, 'Dominica', 'DM', '1767', 'DM.png', NULL, NULL, NULL),
(58, 'Dominican Republic (Repblica Dominicana)', 'DO', '1809', 'DO.png', NULL, NULL, NULL),
(59, 'Algeria ()', 'DZ', '213', 'DZ.png', NULL, NULL, NULL),
(60, 'Ecuador', 'EC', '593', 'EC.png', NULL, NULL, NULL),
(61, 'Estonia (Eesti)', 'EE', '372', 'EE.png', NULL, NULL, NULL),
(62, 'Egypt ()', 'EG', '20', 'EG.png', NULL, NULL, NULL),
(63, 'Eritrea', 'ER', '291', 'ER.png', NULL, NULL, NULL),
(64, 'Spain (Espaa)', 'ES', '34', 'ES.png', NULL, NULL, NULL),
(65, 'Ethiopia', 'ET', '251', 'ET.png', NULL, NULL, NULL),
(66, 'Finland (Suomi)', 'FI', '358', 'FI.png', NULL, NULL, NULL),
(67, 'Fiji', 'FJ', '679', 'FJ.png', NULL, NULL, NULL),
(68, 'Falkland Islands (Islas Malvinas)', 'FK', '500', 'FK.png', NULL, NULL, NULL),
(69, 'Micronesia', 'FM', '691', 'FM.png', NULL, NULL, NULL),
(70, 'Faroe Islands (Froyar)', 'FO', '298', 'FO.png', NULL, NULL, NULL),
(71, 'France', 'FR', '33', 'FR.png', NULL, NULL, NULL),
(72, 'Gabon', 'GA', '241', 'GA.png', NULL, NULL, NULL),
(73, 'United Kingdom', 'GB', '44', 'GB.png', NULL, NULL, NULL),
(74, 'Grenada', 'GD', '1473', 'GD.png', NULL, NULL, NULL),
(75, 'Georgia ()', 'GE', '995', 'GE.png', NULL, NULL, NULL),
(76, 'Ghana (Gaana)', 'GH', '233', 'GH.png', NULL, NULL, NULL),
(77, 'Gibraltar', 'GI', '350', 'GI.png', NULL, NULL, NULL),
(78, 'Greenland (Kalaallit Nunaat)', 'GL', '299', 'GL.png', NULL, NULL, NULL),
(79, 'Gambia', 'GM', '220', 'GM.png', NULL, NULL, NULL),
(80, 'Guinea (Guine)', 'GN', '224', 'GN.png', NULL, NULL, NULL),
(81, 'Equatorial Guinea (Guinea Ecuatorial)', 'GQ', '240', 'GQ.png', NULL, NULL, NULL),
(82, 'Greece ()', 'GR', '30', 'GR.png', NULL, NULL, NULL),
(83, 'Guatemala', 'GT', '502', 'GT.png', NULL, NULL, NULL),
(84, 'Guam', 'GU', '1671', 'GU.png', NULL, NULL, NULL),
(85, 'Guinea-Bissau (Guin Bissau)', 'GW', '245', 'GW.png', NULL, NULL, NULL),
(86, 'Guyana', 'GY', '592', 'GY.png', NULL, NULL, NULL),
(87, 'Hong Kong ()', 'HK', '852', 'HK.png', NULL, NULL, NULL),
(88, 'Honduras', 'HN', '504', 'HN.png', NULL, NULL, NULL),
(89, 'Croatia (Hrvatska)', 'HR', '385', 'HR.png', NULL, NULL, NULL),
(90, 'Haiti', 'HT', '509', 'HT.png', NULL, NULL, NULL),
(91, 'Hungary (Magyarorszg)', 'HU', '36', 'HU.png', NULL, NULL, NULL),
(92, 'Indonesia', 'ID', '62', 'ID.png', NULL, NULL, NULL),
(93, 'Ireland', 'IE', '353', 'IE.png', NULL, NULL, NULL),
(94, 'Israel ()', 'IL', '972', 'IL.png', NULL, NULL, NULL),
(95, 'Isle of Man', 'IM', '44', 'IM.png', NULL, NULL, NULL),
(96, 'India ()', 'IN', '91', 'IN.png', NULL, NULL, NULL),
(97, 'Iraq ()', 'IQ', '964', 'IQ.png', NULL, NULL, NULL),
(98, 'Iran ()', 'IR', '98', 'IR.png', NULL, NULL, NULL),
(99, 'Iceland (sland)', 'IS', '354', 'IS.png', NULL, NULL, NULL),
(100, 'Italy (Italia)', 'IT', '39', 'IT.png', NULL, NULL, NULL),
(101, 'Jamaica', 'JM', '1876', 'JM.png', NULL, NULL, NULL),
(102, 'Jordan ()', 'JO', '962', 'JO.png', NULL, NULL, NULL),
(103, 'Japan ()', 'JP', '81', 'JP.png', NULL, NULL, NULL),
(104, 'Kenya', 'KE', '254', 'KE.png', NULL, NULL, NULL),
(105, 'Kyrgyzstan ()', 'KG', '996', 'KG.png', NULL, NULL, NULL),
(106, 'Cambodia ()', 'KH', '855', 'KH.png', NULL, NULL, NULL),
(107, 'Kiribati', 'KI', '686', 'KI.png', NULL, NULL, NULL),
(108, 'Comoros ( )', 'KM', '269', 'KM.png', NULL, NULL, NULL),
(109, 'Saint Kitts and Nevis', 'KN', '1869', 'KN.png', NULL, NULL, NULL),
(110, 'North Korea (   )', 'KP', '850', 'KP.png', NULL, NULL, NULL),
(111, 'South Korea ()', 'KR', '82', 'KR.png', NULL, NULL, NULL),
(112, 'Kuwait ()', 'KW', '965', 'KW.png', NULL, NULL, NULL),
(113, 'Cayman Islands', 'KY', '1345', 'KY.png', NULL, NULL, NULL),
(114, 'Kazakhstan ()', 'KZ', '7', 'KZ.png', NULL, NULL, NULL),
(115, 'Laos ()', 'LA', '856', 'LA.png', NULL, NULL, NULL),
(116, 'Lebanon ()', 'LB', '961', 'LB.png', NULL, NULL, NULL),
(117, 'Saint Lucia', 'LC', '1758', 'LC.png', NULL, NULL, NULL),
(118, 'Liechtenstein', 'LI', '423', 'LI.png', NULL, NULL, NULL),
(119, 'Sri Lanka ( )', 'LK', '94', 'LK.png', NULL, NULL, NULL),
(120, 'Liberia', 'LR', '231', 'LR.png', NULL, NULL, NULL),
(121, 'Lesotho', 'LS', '266', 'LS.png', NULL, NULL, NULL),
(122, 'Lithuania (Lietuva)', 'LT', '370', 'LT.png', NULL, NULL, NULL),
(123, 'Luxembourg', 'LU', '352', 'LU.png', NULL, NULL, NULL),
(124, 'Latvia (Latvija)', 'LV', '371', 'LV.png', NULL, NULL, NULL),
(125, 'Libya ()', 'LY', '218', 'LY.png', NULL, NULL, NULL),
(126, 'Morocco ()', 'MA', '212', 'MA.png', NULL, NULL, NULL),
(127, 'Monaco', 'MC', '377', 'MC.png', NULL, NULL, NULL),
(128, 'Moldova (Republica Moldova)', 'MD', '373', 'MD.png', NULL, NULL, NULL),
(129, 'Montenegro (Crna Gora)', 'ME', '382', 'ME.png', NULL, NULL, NULL),
(130, 'Saint Martin (Saint-Martin (partie franaise))', 'MF', '1599', 'MF.png', NULL, NULL, NULL),
(131, 'Madagascar (Madagasikara)', 'MG', '261', 'MG.png', NULL, NULL, NULL),
(132, 'Marshall Islands', 'MH', '692', 'MH.png', NULL, NULL, NULL),
(133, 'Macedonia (FYROM) ()', 'MK', '389', 'MK.png', NULL, NULL, NULL),
(134, 'Mali', 'ML', '223', 'ML.png', NULL, NULL, NULL),
(135, 'Myanmar (Burma) ()', 'MM', '95', 'MM.png', NULL, NULL, NULL),
(136, 'Mongolia ()', 'MN', '976', 'MN.png', NULL, NULL, NULL),
(137, 'Macau ()', 'MO', '853', 'MO.png', NULL, NULL, NULL),
(138, 'Northern Mariana Islands', 'MP', '1670', 'MP.png', NULL, NULL, NULL),
(139, 'Mauritania ()', 'MR', '222', 'MR.png', NULL, NULL, NULL),
(140, 'Montserrat', 'MS', '1664', 'MS.png', NULL, NULL, NULL),
(141, 'Malta', 'MT', '356', 'MT.png', NULL, NULL, NULL),
(142, 'Mauritius (Moris)', 'MU', '230', 'MU.png', NULL, NULL, NULL),
(143, 'Maldives', 'MV', '960', 'MV.png', NULL, NULL, NULL),
(144, 'Malawi', 'MW', '265', 'MW.png', NULL, NULL, NULL),
(145, 'Mexico (Mxico)', 'MX', '52', 'MX.png', NULL, NULL, NULL),
(146, 'Malaysia', 'MY', '60', 'MY.png', NULL, NULL, NULL),
(147, 'Mozambique (Moambique)', 'MZ', '258', 'MZ.png', NULL, NULL, NULL),
(148, 'Namibia (Namibi)', 'NA', '264', 'NA.png', NULL, NULL, NULL),
(149, 'New Caledonia (Nouvelle-Caldonie)', 'NC', '687', 'NC.png', NULL, NULL, NULL),
(150, 'Niger (Nijar)', 'NE', '227', 'NE.png', NULL, NULL, NULL),
(151, 'Nigeria', 'NG', '234', 'NG.png', NULL, NULL, NULL),
(152, 'Nicaragua', 'NI', '505', 'NI.png', NULL, NULL, NULL),
(153, 'Netherlands (Nederland)', 'NL', '31', 'NL.png', NULL, NULL, NULL),
(154, 'Norway (Norge)', 'NO', '47', 'NO.png', NULL, NULL, NULL),
(155, 'Nepal ()', 'NP', '977', 'NP.png', NULL, NULL, NULL),
(156, 'Nauru', 'NR', '674', 'NR.png', NULL, NULL, NULL),
(157, 'Niue', 'NU', '683', 'NU.png', NULL, NULL, NULL),
(158, 'New Zealand', 'NZ', '64', 'NZ.png', NULL, NULL, NULL),
(159, 'Oman ()', 'OM', '968', 'OM.png', NULL, NULL, NULL),
(160, 'Panama (Panam)', 'PA', '507', 'PA.png', NULL, NULL, NULL),
(161, 'Peru (Per)', 'PE', '51', 'PE.png', NULL, NULL, NULL),
(162, 'French Polynesia (Polynsie franaise)', 'PF', '689', 'PF.png', NULL, NULL, NULL),
(163, 'Papua New Guinea', 'PG', '675', 'PG.png', NULL, NULL, NULL),
(164, 'Philippines', 'PH', '63', 'PH.png', NULL, NULL, NULL),
(165, 'Pakistan ()', 'PK', '92', 'PK.png', NULL, NULL, NULL),
(166, 'Poland (Polska)', 'PL', '48', 'PL.png', NULL, NULL, NULL),
(167, 'Saint Pierre and Miquelon (Saint-Pierre-et-Miquelon)', 'PM', '508', 'PM.png', NULL, NULL, NULL),
(168, 'Pitcairn Islands', 'PN', '870', 'PN.png', NULL, NULL, NULL),
(169, 'Puerto Rico', 'PR', '1', 'PR.png', NULL, NULL, NULL),
(170, 'Portugal', 'PT', '351', 'PT.png', NULL, NULL, NULL),
(171, 'Palau', 'PW', '680', 'PW.png', NULL, NULL, NULL),
(172, 'Paraguay', 'PY', '595', 'PY.png', NULL, NULL, NULL),
(173, 'Qatar ()', 'QA', '974', 'QA.png', NULL, NULL, NULL),
(174, 'Romania (Romnia)', 'RO', '40', 'RO.png', NULL, NULL, NULL),
(175, 'Serbia ()', 'RS', '381', 'RS.png', NULL, NULL, NULL),
(176, 'Russia ()', 'RU', '7', 'RU.png', NULL, NULL, NULL),
(177, 'Rwanda', 'RW', '250', 'RW.png', NULL, NULL, NULL),
(178, 'Saudi Arabia (  )', 'SA', '966', 'SA.png', NULL, NULL, NULL),
(179, 'Solomon Islands', 'SB', '677', 'SB.png', NULL, NULL, NULL),
(180, 'Seychelles', 'SC', '248', 'SC.png', NULL, NULL, NULL),
(181, 'Sudan ()', 'SD', '249', 'SD.png', NULL, NULL, NULL),
(182, 'Sweden (Sverige)', 'SE', '46', 'SE.png', NULL, NULL, NULL),
(183, 'Singapore', 'SG', '65', 'SG.png', NULL, NULL, NULL),
(184, 'Saint Helena', 'SH', '290', 'SH.png', NULL, NULL, NULL),
(185, 'Slovenia (Slovenija)', 'SI', '386', 'SI.png', NULL, NULL, NULL),
(186, 'Slovakia (Slovensko)', 'SK', '421', 'SK.png', NULL, NULL, NULL),
(187, 'Sierra Leone', 'SL', '232', 'SL.png', NULL, NULL, NULL),
(188, 'San Marino', 'SM', '378', 'SM.png', NULL, NULL, NULL),
(189, 'Senegal (Sngal)', 'SN', '221', 'SN.png', NULL, NULL, NULL),
(190, 'Somalia (Soomaaliya)', 'SO', '252', 'SO.png', NULL, NULL, NULL),
(191, 'Suriname', 'SR', '597', 'SR.png', NULL, NULL, NULL),
(192, 'So Tom and Prncipe (So Tom e Prncipe)', 'ST', '239', 'ST.png', NULL, NULL, NULL),
(193, 'El Salvador', 'SV', '503', 'SV.png', NULL, NULL, NULL),
(194, 'Syria ()', 'SY', '963', 'SY.png', NULL, NULL, NULL),
(195, 'Swaziland', 'SZ', '268', 'SZ.png', NULL, NULL, NULL),
(196, 'Turks and Caicos Islands', 'TC', '1649', 'TC.png', NULL, NULL, NULL),
(197, 'Chad (Tchad)', 'TD', '235', 'TD.png', NULL, NULL, NULL),
(198, 'Togo', 'TG', '228', 'TG.png', NULL, NULL, NULL),
(199, 'Thailand ()', 'TH', '66', 'TH.png', NULL, NULL, NULL),
(200, 'Tajikistan', 'TJ', '992', 'TJ.png', NULL, NULL, NULL),
(201, 'Tokelau', 'TK', '690', 'TK.png', NULL, NULL, NULL),
(202, 'Timor-Leste', 'TL', '670', 'TL.png', NULL, NULL, NULL),
(203, 'Turkmenistan', 'TM', '993', 'TM.png', NULL, NULL, NULL),
(204, 'Tunisia ()', 'TN', '216', 'TN.png', NULL, NULL, NULL),
(205, 'Tonga', 'TO', '676', 'TO.png', NULL, NULL, NULL),
(206, 'Turkey (Trkiye)', 'TR', '90', 'TR.png', NULL, NULL, NULL),
(207, 'Trinidad and Tobago', 'TT', '1868', 'TT.png', NULL, NULL, NULL),
(208, 'Tuvalu', 'TV', '688', 'TV.png', NULL, NULL, NULL),
(209, 'Taiwan ()', 'TW', '886', 'TW.png', NULL, NULL, NULL),
(210, 'Tanzania', 'TZ', '255', 'TZ.png', NULL, NULL, NULL),
(211, 'Ukraine ()', 'UA', '380', 'UA.png', NULL, NULL, NULL),
(212, 'Uganda', 'UG', '256', 'UG.png', NULL, NULL, NULL),
(213, 'United States', 'US', '1', 'US.png', NULL, NULL, NULL),
(214, 'Uruguay', 'UY', '598', 'UY.png', NULL, NULL, NULL),
(215, 'Uzbekistan (Ozbekiston)', 'UZ', '998', 'UZ.png', NULL, NULL, NULL),
(216, 'Vatican City (Citt del Vaticano)', 'VA', '39', 'VA.png', NULL, NULL, NULL),
(217, 'St. Vincent & Grenadines', 'VC', '1784', 'VC.png', NULL, NULL, NULL),
(218, 'Venezuela', 'VE', '58', 'VE.png', NULL, NULL, NULL),
(219, 'British Virgin Islands', 'VG', '1284', 'VG.png', NULL, NULL, NULL),
(220, 'U.S. Virgin Islands', 'VI', '1340', 'VI.png', NULL, NULL, NULL),
(221, 'Vietnam (Vit Nam)', 'VN', '84', 'VN.png', NULL, NULL, NULL),
(222, 'Vanuatu', 'VU', '678', 'VU.png', NULL, NULL, NULL),
(223, 'Wallis and Futuna', 'WF', '681', 'WF.png', NULL, NULL, NULL),
(224, 'Samoa', 'WS', '685', 'WS.png', NULL, NULL, NULL),
(225, 'Kosovo (Kosov)', 'XK', '381', 'XK.png', NULL, NULL, NULL),
(226, 'Yemen ()', 'YE', '967', 'YE.png', NULL, NULL, NULL),
(227, 'Mayotte', 'YT', '262', 'YT.png', NULL, NULL, NULL),
(228, 'South Africa', 'ZA', '27', 'ZA.png', NULL, NULL, NULL),
(229, 'Zambia', 'ZM', '260', 'ZM.png', NULL, NULL, NULL),
(230, 'Zimbabwe', 'ZW', '263', 'ZW.png', NULL, NULL, NULL);

INSERT INTO `coupon_types` (`id`, `name`, `code`, `created_at`, `updated_at`) VALUES
(1, 'Cart Coupon Discount', 'cart', '2021-02-08 04:15:01', '2021-02-08 04:15:01'),
(2, 'Order Coupon Discount', 'order', '2021-02-08 04:15:01', '2021-02-08 04:15:01'),
(3, 'Product Coupon Discount', 'product', '2021-02-08 04:15:01', '2021-02-08 04:15:01'),
(4, 'Category Coupon Discount', 'category', '2021-02-08 04:15:01', '2021-02-08 04:15:01');

INSERT INTO `coupons` (`id`, `code`, `description`, `image`, `business_id`, `coupon_type_id`, `amount_type`, `coupon_amount`, `min_amount`, `max_amount`, `coupon_start_date`, `coupon_expiry_date`, `is_free_shiping`, `usage_limit`, `usage_count`, `usage_limit_per_user`, `is_individual_use`, `exclude_sale_items`, `product_ids`, `exclude_product_ids`, `product_categories`, `exclude_product_categories`, `deleted_at`, `created_at`, `updated_at`) VALUES
(2, 'Feb21', 'Feb 21', NULL, 1, 1, 'numeric', 100.00, 0.00, 0.00, '2021-01-01', '2021-04-01', 0, 100, 0, 0, 0, NULL, NULL, NULL, NULL, NULL, NULL, '2021-02-08 04:41:47', '2021-02-08 04:41:47'),
(3, 'CouponAk', 'CouponAk', NULL, 1, 1, 'percentage', 10.00, 0.00, 0.00, '2021-01-01', '2021-04-30', 1, 100, 0, 0, 0, NULL, NULL, NULL, NULL, NULL, NULL, '2021-02-08 04:41:59', '2021-02-08 04:41:59'),
(5, 'Feb21', 'Feb 21', NULL, 1, 1, 'numeric', 100.00, 0.00, 0.00, '2021-01-01', '2021-04-01', 0, 100, 0, 0, 0, NULL, NULL, NULL, NULL, NULL, NULL, '2021-02-08 05:19:19', '2021-02-08 05:19:19'),
(6, 'Feb2112', 'Feb 21', NULL, 1, 1, 'numeric', 100.00, 0.00, 0.00, '2021-01-01', '2021-04-01', 0, 100, 0, 0, 0, NULL, NULL, NULL, NULL, NULL, NULL, '2021-02-08 05:23:33', '2021-02-08 05:23:33'),
(7, 'Feb New', 'Feb 21', NULL, 1, 1, 'numeric', 100.00, 0.00, 0.00, '2021-01-01', '2021-04-01', 0, 100, 0, 0, 0, NULL, NULL, NULL, NULL, NULL, NULL, '2021-02-08 05:25:45', '2021-02-08 05:25:45'),
(8, 'Bijay21', '<p>Bijay 21</p>', 'coupon--1612943819.png', 1, 2, 'percentage', 8.00, 100.00, 1200.00, '2021-02-01', '2021-03-31', 0, 0, 0, 20, 0, NULL, NULL, NULL, NULL, NULL, NULL, '2021-02-10 07:20:07', '2021-02-10 07:57:32');

INSERT INTO `currencies` (`id`, `country`, `currency`, `code`, `symbol`, `thousand_separator`, `decimal_separator`, `created_at`, `updated_at`) VALUES
(1, 'Bangladesh', 'BDT', 'BDT', 'Taka', ',', ',', '2020-11-04 18:17:07', '2020-11-04 18:17:07'),
(2, 'USA', 'USD', 'USD', 'Dollar', ',', ',', '2020-11-04 18:17:07', '2020-11-04 18:17:07'),
(3, 'Rupi Updated', 'rupi', 'rp', 'rp', ',', '.', '2021-03-29 03:18:44', '2021-03-29 03:19:56'),
(7, '2', 'Taka', '088', '', 'Taka', 'TK', '2021-03-30 15:58:19', '2021-03-30 16:52:57'),
(8, '4', 'Rupee', '444', '', 'Paisa', 'Paisa', '2021-03-30 16:29:07', '2021-03-30 16:29:07');

INSERT INTO `discount_types` (`id`, `business_id`, `name`, `created_by`, `deleted_at`, `created_at`, `updated_at`) VALUES
(1, 1, 'No Discount', 1, NULL, '2021-01-13 16:24:33', '2021-01-13 16:24:33');

INSERT INTO `gift_cards` (`id`, `title`, `slug`, `image`, `price_value_for`, `change_price_value`, `status`, `description`, `deleted_at`, `created_by`, `updated_by`, `deleted_by`, `created_at`, `updated_at`) VALUES
(1, 'Boishakhi Card 2', 'boishakhi-card', NULL, 12000.00, 2300.00, 1, 'Simple Description 2', '2021-02-10 10:23:48', 1, NULL, NULL, '2021-02-10 09:57:33', '2021-02-10 10:23:48'),
(2, 'Boishakhi Card', 'boishakhi-card', 'giftCard--1613337422.png', 5000.00, 6500.00, 1, '<p>Simple Description</p>', NULL, 1, NULL, NULL, '2021-02-10 10:24:08', '2021-02-14 21:17:02'),
(3, 'Test Card 1', 'test-card-1', 'giftcards--1613337496.jpg', 12.00, 1212.00, 1, '<p>12</p>', NULL, 1, NULL, NULL, '2021-02-14 21:18:16', '2021-02-14 21:18:16');

INSERT INTO `invoice_items` (`id`, `invoice_id`, `transaction_id`, `business_id`, `item_id`, `transaction_sell_line_id`, `qty`, `amount`, `discount_amount`, `grand_total`, `created_at`, `updated_at`) VALUES
(1, 3, 3, 1, 1, 3, 1.00, 120.00, 0.00, 120.00, '2021-02-05 04:00:51', '2021-02-05 04:00:51'),
(2, 3, 3, 1, 4, 5, 3.00, 520.00, 0.00, 1560.00, '2021-02-05 04:00:51', '2021-02-05 04:00:51'),
(3, 4, 3, 4, 9, 4, 2.00, 320.00, 0.00, 640.00, '2021-02-05 04:00:51', '2021-02-05 04:00:51');

INSERT INTO `invoice_statuses` (`id`, `invoice_id`, `order_create_date`, `confirmed_by_vendor_date`, `shipped_by_vendor_date`, `delivery_by_vendor_date`, `received_by_customer_date`, `feedback_by_customer_date`, `created_at`, `updated_at`) VALUES
(1, 1, '2021-02-01 15:15:58', '2021-02-02 15:15:58', '2021-02-03 15:15:58', NULL, NULL, NULL, '2021-02-21 15:16:16', '2021-02-21 15:16:16'),
(2, 2, '2021-02-01 15:15:58', '2021-02-02 15:15:58', '2021-02-03 15:15:58', '2021-02-04 15:16:21', NULL, NULL, '2021-02-21 15:16:16', '2021-02-21 15:16:16'),
(3, 3, '2021-02-01 15:15:58', '2021-02-02 15:15:58', '2021-02-03 15:15:58', '2021-02-04 15:16:21', '2021-02-16 15:16:34', NULL, '2021-02-21 15:16:16', '2021-02-21 15:16:16'),
(4, 4, '2021-02-01 15:15:58', '2021-02-02 15:15:58', NULL, NULL, NULL, NULL, '2021-02-21 15:16:16', '2021-02-21 15:16:16');

INSERT INTO `invoices` (`id`, `invoice_no`, `transaction_id`, `business_id`, `total_amount`, `total_discount`, `grand_total`, `paid_total`, `status`, `created_by`, `updated_by`, `date`, `created_at`, `updated_at`) VALUES
(1, 1, 3, 1, 1680.00, 0.00, 1680.00, 0.00, 'due', 1, NULL, '2021-02-05', '2021-02-05 03:51:43', '2021-02-05 03:51:43'),
(2, 2, 3, 1, 1680.00, 0.00, 1680.00, 0.00, 'due', 1, NULL, '2021-02-05', '2021-02-05 03:59:09', '2021-02-05 03:59:09'),
(3, 3, 3, 1, 1680.00, 0.00, 1680.00, 0.00, 'due', 1, NULL, '2021-02-05', '2021-02-05 04:00:51', '2021-02-05 04:00:51'),
(4, 4, 3, 4, 640.00, 0.00, 640.00, 0.00, 'due', 1, NULL, '2021-02-05', '2021-02-05 04:00:51', '2021-02-05 04:00:51');

INSERT INTO `item_attributes` (`id`, `item_id`, `attribute_id`, `business_id`, `attribute_values`, `created_at`, `updated_at`) VALUES
(12, 61, 3, 1, '[37,38]', '2021-02-20 14:29:48', '2021-02-20 14:46:47'),
(13, 62, 30, 1, '[59,60]', '2021-02-20 18:50:56', '2021-02-20 18:50:56'),
(14, 63, 30, 1, '[59]', '2021-02-21 05:23:28', '2021-02-21 05:23:28'),
(15, 64, 20, 1, '[32]', '2021-02-21 16:17:55', '2021-03-28 16:33:53'),
(16, 64, 21, 1, '[36]', '2021-02-21 16:17:55', '2021-03-28 16:33:53');

INSERT INTO `item_images` (`id`, `item_id`, `business_id`, `image`, `image_size`, `image_title`, `image_description`, `created_at`, `updated_at`) VALUES
(1, 27, 1, 'product-161249888427-1612498884.jpeg', '10', 'photo-1494438639946-1ebd1d20bf85.jpg', NULL, '2021-02-05 04:21:24', '2021-02-05 04:21:24'),
(2, 28, 2, 'product-161249908828-1612499088.png', '10', '550-5509172_spider-man-tom-holland-png-clipart-spider-man.png', NULL, '2021-02-05 04:24:48', '2021-02-05 04:24:48'),
(3, 28, 2, 'product-161249908828-1612499088.png', '10', 'unnamed.png', NULL, '2021-02-05 04:24:48', '2021-02-05 04:24:48'),
(4, 28, 2, 'product-161249908828-1612499088.png', '10', 'spider-man-png-spiderman-11563230518fsdt8a9hyc.png', NULL, '2021-02-05 04:24:48', '2021-02-05 04:24:48'),
(5, 29, 1, 'product-161250013229-1612500132.png', '10', 'Logo-plus-simple.png', NULL, '2021-02-05 04:42:12', '2021-02-05 04:42:12'),
(6, 29, 1, 'product-161250013229-1612500132.png', '10', 'unnamed.png', NULL, '2021-02-05 04:42:12', '2021-02-05 04:42:12'),
(7, 30, 2, 'product-161250042930-1612500429.jpeg', '10', 'tempress-systems-inc-relay-electronic-component-surface-mount-technology-automation-zambeef-products-plc.jpg', NULL, '2021-02-05 04:47:09', '2021-02-05 04:47:09'),
(8, 30, 2, 'product-161250042930-1612500429.png', '10', 'unnamed (2).png', NULL, '2021-02-05 04:47:09', '2021-02-05 04:47:09'),
(9, 30, 2, 'product-161250042930-1612500429.png', '10', '140-1404847_samsung-products-hd-png-download.png', NULL, '2021-02-05 04:47:09', '2021-02-05 04:47:09'),
(10, 31, 2, 'product-161250055931-1612500559.jpeg', '46 kB', 'tempress-systems-inc-relay-electronic-component-surface-mount-technology-automation-zambeef-products-plc.jpg', NULL, '2021-02-05 04:49:19', '2021-02-05 04:49:19'),
(11, 31, 2, 'product-161250055931-1612500559.png', '211 kB', 'unnamed (2).png', NULL, '2021-02-05 04:49:19', '2021-02-05 04:49:19'),
(12, 31, 2, 'product-161250055931-1612500559.png', '296 kB', '140-1404847_samsung-products-hd-png-download.png', NULL, '2021-02-05 04:49:19', '2021-02-05 04:49:19'),
(13, 32, 1, 'product-161250177832-1612501778.png', '26 kB', 'Panasonic-Mixer-Ad-Block.png', NULL, '2021-02-05 05:09:38', '2021-02-05 05:09:38'),
(14, 32, 1, 'product-161250177832-1612501778.jpeg', '97 kB', 'worlds-best-programmers-primary.jpg-100689098-large.jpeg', NULL, '2021-02-05 05:09:38', '2021-02-05 05:09:38'),
(15, 32, 1, 'product-161250177832-1612501778.png', '45 kB', 'png-clipart-point-of-sale-payment-terminal-sales-emv-bank-products-real-pos-machine-electronics-service.png', NULL, '2021-02-05 05:09:38', '2021-02-05 05:09:38'),
(16, 33, 2, 'product-161250264833-1612502648.png', '26 kB', 'Panasonic-Mixer-Ad-Block.png', NULL, '2021-02-05 05:24:08', '2021-02-05 05:24:08'),
(17, 33, 2, 'product-161250264833-1612502648.png', '23 kB', 'Logo-plus-simple.png', NULL, '2021-02-05 05:24:08', '2021-02-05 05:24:08'),
(18, 30, 2, 'product-161254658530-1612546585.gif', '155 kB', 'greencoast.gif', NULL, '2021-02-05 17:36:25', '2021-02-05 17:36:25'),
(19, 30, 2, 'product-161254677430-1612546774.jpeg', '30 kB', 'oslo.jpg', NULL, '2021-02-05 17:39:34', '2021-02-05 17:39:34'),
(20, 61, 1, 'product-161374988461-1613749884.webp', '66 kB', 'hp-laptop.webp', NULL, '2021-02-19 15:51:24', '2021-02-19 15:51:24'),
(23, 61, 1, 'product-161383221261-1613832212.png', '89 kB', '143-1434681_cart-icon-png.png', NULL, '2021-02-20 14:43:32', '2021-02-20 14:43:32'),
(24, 55, 1, 'product-161383258755-1613832587.webp', '75 kB', 'Samsung DSLR-GX10.webp', NULL, '2021-02-20 14:49:47', '2021-02-20 14:49:47'),
(25, 62, 1, 'product-161384705662-1613847056.jpeg', '31 kB', 'shirt.jpg', NULL, '2021-02-20 18:50:56', '2021-02-20 18:50:56'),
(26, 62, 1, 'product-161384705662-1613847056.webp', '40 kB', 'shirt-2.webp', NULL, '2021-02-20 18:50:56', '2021-02-20 18:50:56'),
(27, 62, 1, 'product-161384705662-1613847056.jpeg', '11 kB', 'shirt-white.jpg', NULL, '2021-02-20 18:50:56', '2021-02-20 18:50:56'),
(30, 64, 1, 'product-161692763364-1616927633.jpeg', '34 kB', 'jakarta-indonesia-november-16-2018-260nw-1231132333.jpg', NULL, '2021-03-28 16:33:53', '2021-03-28 16:33:53');

INSERT INTO `item_ratings` (`id`, `item_id`, `user_id`, `rating_value`, `comment`, `image`, `status`, `created_at`, `updated_at`) VALUES
(2, 3, 1, 5, NULL, NULL, 1, '2020-11-13 12:45:16', '2020-11-13 12:45:16'),
(3, 3, 15, 3, NULL, NULL, 1, '2020-11-13 12:45:16', '2020-11-13 12:45:16'),
(4, 3, 1, 2, NULL, NULL, 1, '2020-11-13 12:45:16', '2020-11-13 12:45:16'),
(5, 1, 1, 4, NULL, NULL, 0, '2021-03-17 13:38:57', '2021-03-17 13:38:57'),
(6, 1, 1, 5, 'Nice Product', NULL, 0, '2021-03-21 09:28:30', '2021-03-21 09:28:30'),
(7, 1, 1, 5, 'Nice Product', NULL, 0, '2021-03-21 09:29:10', '2021-03-21 09:29:10'),
(8, 4, 1, 5, 'Nice product', NULL, 0, '2021-03-21 09:30:03', '2021-03-21 09:30:03'),
(9, 4, 1, 3, 'nice', NULL, 0, '2021-03-21 09:30:38', '2021-03-21 09:30:38'),
(10, 1, 1, 5, 'New Review', NULL, 0, '2021-03-21 11:36:13', '2021-03-21 11:36:13'),
(11, 1, 1, 5, 'New Review', NULL, 0, '2021-03-21 11:36:30', '2021-03-21 11:36:30'),
(12, 1, 1, 5, 'New Review', NULL, 0, '2021-03-21 11:36:57', '2021-03-21 11:36:57'),
(13, 1, 1, 5, 'New Review', NULL, 0, '2021-03-21 11:37:35', '2021-03-21 11:37:35'),
(14, 1, 1, 5, 'New Review', NULL, 1, '2021-03-21 11:38:10', '2021-03-29 03:00:41');

INSERT INTO `items` (`id`, `name`, `featured_image`, `short_resolation_image`, `business_id`, `unit_id`, `brand_id`, `category_id`, `sub_category_id`, `sub_category_id2`, `tax`, `tax_type`, `enable_stock`, `alert_quantity`, `sku`, `barcode_type`, `sku_manual`, `current_stock`, `average_rating`, `total_rating`, `default_selling_price`, `offer_selling_price`, `is_offer_enable`, `shipping_charge`, `description`, `created_by`, `created_at`, `updated_at`, `deleted_at`) VALUES
(1, 'Samsung Gallaxy A1', 'product-samsung-gallaxy-a1.png', NULL, 1, 1, 2, 2, 5, NULL, 1, 'inclusive', 1, 100, 'Samsung-12', 'C39', 'Samsung-12', 0, 4.875, 8, 12000, 433, 1, 0, NULL, 1, '2020-11-13 02:58:50', '2021-03-30 22:29:29', NULL),
(2, 'Asus ROG Strix G512LI Core i5 10th GTX 1650Ti Graphics 15.6\" FHD Laptop with Windows 10', 'product-asus.png', NULL, 1, 1, 5, 3, 2, NULL, 1, 'inclusive', 1, 100, 'asus-12', 'C39', 'asus-12', 0, 0, 0, 10000, 433, 1, 0, NULL, 1, '2020-11-13 02:58:50', '2021-03-30 21:35:22', NULL),
(3, 'Samsung Gallaxy J2 New 3GB RAM', 'product-samsung-gallaxy-j2.png', NULL, 1, 1, 2, 2, 5, NULL, 1, 'inclusive', 1, 100, 'Samsung-j2', 'C39', 'Samsung-j2', 0, 0, 0, 0, 0, 0, 0, NULL, 1, '2020-11-13 02:58:50', '2020-11-13 02:58:50', NULL),
(4, 'New Sleeve Cotton Shirt', 'product-shirt.png', NULL, 1, 1, 2, 8, 9, NULL, 1, 'inclusive', 1, 100, 'shirt-blue', 'C39', 'shirt-blue', 0, 4, 0, 0, 0, 0, 0, NULL, 1, '2020-11-13 02:58:50', '2021-03-21 09:30:38', NULL),
(5, 'New Black HeadPhone ', 'product-headphone.png', NULL, 1, 1, 2, 2, 2, NULL, 1, 'inclusive', 1, 100, 'headphone', 'C39', 'headphone', 0, 0, 0, 0, 0, 0, 0, NULL, 1, '2020-11-13 02:58:50', '2020-11-13 02:58:50', NULL),
(6, 'Check Sleeve Cotton Shirt Yellow Shirt', 'product-shirt2.png', NULL, 1, 1, 2, 8, 9, NULL, 1, 'inclusive', 1, 100, 'shirt-check', 'C39', 'shirt-check', 0, 0, 0, 0, 0, 0, 0, NULL, 1, '2020-11-13 02:58:50', '2020-11-13 02:58:50', NULL),
(7, 'Red Sleeve Cotton Shirt for Middle Age', 'product-shirt3.png', NULL, 1, 1, NULL, 8, 9, NULL, 1, 'inclusive', 1, 100, 'shirt-2', 'C39', 'shirt-2', 0, 0, 0, 450, 400, 1, 0, NULL, 1, '2020-11-13 02:58:50', '2020-11-13 02:58:50', NULL),
(8, 'iPhone 11 Pro Max', 'product-iphone-11-pro.png', NULL, 1, 1, NULL, 2, 4, NULL, 1, 'inclusive', 1, 100, 'iphone-11-pro', 'C39', 'iphone-11-pro', 0, 0, 0, 120000, 0, 0, 0, NULL, 1, '2020-11-13 02:58:50', '2020-11-13 02:58:50', NULL),
(9, 'Cam20', 'product-1610219218.png', 'product-1610219218.png', 4, 1, 3, 20, 19, NULL, 1, 'inclusive', 1, 12, 'A00839S732014', 'C39', '1212', 0, 0, 0, 0, 0, 0, 0, NULL, 1, '2021-01-09 19:06:58', '2021-02-07 14:16:55', NULL),
(10, 'string', NULL, NULL, 1, 1, 2, 2, 7, NULL, 1, 'inclusive', 1, 0, 'string', 'C39', 'string', 0, 0, 0, 0, 0, 0, 0, NULL, 1, '2021-02-03 17:33:56', '2021-02-07 14:16:38', '2021-02-07 14:16:38'),
(11, 'string', NULL, NULL, 1, 1, 2, 2, 7, 20, 1, 'inclusive', 1, 0, 'string', 'C39', 'string', 100, 0, 0, 100, 100, 0, 0, NULL, 1, '2021-02-03 17:35:29', '2021-02-07 14:16:42', '2021-02-07 14:16:42'),
(12, 'string', NULL, NULL, 1, 1, 2, 2, 7, 20, 1, 'inclusive', 1, 0, 'string', 'C39', 'string', 100, 0, 0, 100, 100, 0, 0, NULL, 1, '2021-02-03 17:36:25', '2021-02-07 14:16:48', '2021-02-07 14:16:48'),
(14, '34', 'product-1612375875.png', NULL, 2, 1, 10, 2, NULL, 5, 1, 'exclusive', 1, 43, '43', 'C128', '43', 43, 0, 0, 43, 43, 0, 0, '<p>3434</p>', 1, '2021-02-03 18:11:15', '2021-02-20 14:47:21', '2021-02-20 14:47:21'),
(15, '34', 'product-1612375976.png', NULL, 3, 1, 10, 2, NULL, 21, 1, 'inclusive', 1, 43, '34', 'C128', '43', 43, 0, 0, 43, 43, 0, 0, '<p>434343</p>', 1, '2021-02-03 18:12:56', '2021-02-20 14:49:09', '2021-02-20 14:49:09'),
(16, '34', 'product-1612376117.jpg', NULL, 2, 1, 10, 2, NULL, 21, 1, 'inclusive', 1, 433, '34', 'C128', '43', 43, 0, 0, 43, 34, 0, 0, '<p>434</p>', 1, '2021-02-03 18:15:17', '2021-02-03 20:08:37', '2021-02-03 20:08:37'),
(17, 'test product-05', 'product-1612458644.jpeg', 'product-1612458645.jpeg', 2, 1, 10, 2, NULL, 21, 1, 'exclusive', 1, 250, '22', 'EAN-13', '22', 22, 0, 0, 22, 22, 0, 0, '<p>test product-05</p>', 1, '2021-02-04 17:10:45', '2021-02-20 14:49:04', '2021-02-20 14:49:04'),
(18, 'test product-05', 'product-1612458650.jpeg', 'product-1612458650.jpeg', 2, 1, 10, 2, NULL, 21, 1, 'exclusive', 1, 250, '22', 'EAN-13', '22', 22, 0, 0, 22, 22, 0, 0, '<p>test product-05</p>', 1, '2021-02-04 17:10:50', '2021-02-20 14:49:15', '2021-02-20 14:49:15'),
(19, 'test product-05', 'product-1612458651.jpeg', 'product-1612458651.jpeg', 2, 1, 10, 2, NULL, 21, 1, 'exclusive', 1, 250, '22', 'EAN-13', '22', 22, 0, 0, 22, 22, 0, 0, '<p>test product-05</p>', 1, '2021-02-04 17:10:51', '2021-02-20 14:49:18', '2021-02-20 14:49:18'),
(20, 'test product-05', 'product-1612458651.jpeg', 'product-1612458651.jpeg', 2, 1, 10, 2, NULL, 21, 1, 'exclusive', 1, 250, '22', 'EAN-13', '22', 22, 0, 0, 22, 22, 0, 0, '<p>test product-05</p>', 1, '2021-02-04 17:10:51', '2021-02-20 14:48:50', '2021-02-20 14:48:50'),
(21, 'test product-05', 'product-1612458660.jpeg', 'product-1612458660.jpeg', 2, 1, 10, 2, NULL, 21, 1, 'exclusive', 1, 250, '22', 'EAN-13', '22', 22, 0, 0, 22, 22, 0, 0, '<p>test product-05</p>', 1, '2021-02-04 17:11:00', '2021-02-20 14:48:46', '2021-02-20 14:48:46'),
(22, 'test product-05', 'product-1612459595.jpeg', 'product-1612459595.jpeg', 1, 1, 11, 2, NULL, 5, 1, 'exclusive', 1, 254, '22', 'EAN-8', '22', 22, 0, 0, 22, 22, 0, 0, '<p>2test product-05</p>', 1, '2021-02-04 17:26:35', '2021-02-20 14:48:58', '2021-02-20 14:48:58'),
(23, 'test', NULL, NULL, 2, 1, 10, 2, NULL, 21, 1, 'exclusive', 1, 33, '33', 'EAN-8', '33', 33, 0, 0, 33, 33, 0, 0, '<p>3333</p>', 1, '2021-02-04 20:08:00', '2021-02-07 14:17:04', '2021-02-07 14:17:04'),
(24, 'testing', NULL, NULL, 3, 1, 5, 2, NULL, 5, 1, 'exclusive', 1, 233, '233', 'EAN-8', '233', 233, 0, 0, 233, 2233, 0, 0, '<p>2333</p>', 1, '2021-02-05 04:13:19', '2021-02-07 14:16:32', '2021-02-07 14:16:32'),
(25, 'testing', NULL, NULL, 3, 1, 5, 2, NULL, 5, 1, 'exclusive', 1, 233, '233', 'EAN-8', '233', 233, 0, 0, 233, 2233, 0, 0, '<p>2333</p>', 1, '2021-02-05 04:13:59', '2021-02-07 14:16:27', '2021-02-07 14:16:27'),
(26, '34', NULL, NULL, 1, 1, 10, 2, NULL, 5, 1, 'inclusive', 1, 33, '33', 'EAN-13', '33', 33, 0, 0, 33, 3333, 0, 0, '<p>33333</p>', 1, '2021-02-05 04:20:27', '2021-02-07 14:16:19', '2021-02-07 14:16:19'),
(27, '34', NULL, NULL, 1, 1, 10, 2, NULL, 5, 1, 'inclusive', 1, 33, '33', 'EAN-13', '33', 33, 0, 0, 33, 3333, 0, 0, '<p>33333</p>', 1, '2021-02-05 04:21:24', '2021-02-07 14:16:23', '2021-02-07 14:16:23'),
(28, 'Test Product', NULL, NULL, 2, 1, 10, 2, 4, 5, 1, 'inclusive', 1, 22, '22', 'UPC-A', '22', 22, 0, 0, 22, 22, 0, 0, '<p>22222</p>', 1, '2021-02-05 04:24:48', '2021-02-07 14:16:15', NULL),
(29, 'reee', 'product-featured-1612500132--1612500132.jpeg', 'product-short-resolution-161-1612500132.png', 1, 1, 3, 2, 6, 20, 1, 'inclusive', 1, 33, '33', 'UPC-A', '33', 33, 0, 0, 33, 33, 0, 0, '<p>33</p>', 1, '2021-02-05 04:42:12', '2021-02-20 14:48:40', '2021-02-20 14:48:40'),
(30, 'Final Product', 'product-featured-1612546159--1612546159.jpeg', 'product-image-1612546305-601-1612546305.jpeg', 2, 1, 5, 2, 9, 6, 1, 'inclusive', 0, 33, '23', 'UPC-E', '23', 23, 0, 0, 23, 23, 0, 0, '<p>23</p>', 1, '2021-02-05 04:47:09', '2021-02-20 14:48:36', '2021-02-20 14:48:36'),
(31, 'testing', 'product-featured-1612500559--1612500559.png', 'product-short-resolution-161-1612500559.png', 2, 1, 5, 2, 2, 6, 1, 'inclusive', 0, 33, '23', 'UPC-E', '23', 23, 0, 0, 23, 23, 0, 0, '<p>23</p>', 1, '2021-02-05 04:49:19', '2021-02-20 14:48:31', '2021-02-20 14:48:31'),
(32, 'Final test', 'product-featured-1612501778--1612501778.png', 'product-short-resolution-161-1612501778.png', 1, 1, 5, 2, 19, 21, 1, 'exclusive', 1, 123, '123', 'UPC-E', '123', 123, 0, 0, 123, 123, 0, 0, '<p>123</p>', 1, '2021-02-05 05:09:38', '2021-02-20 14:48:26', '2021-02-20 14:48:26'),
(33, 'FInal testing', NULL, 'product-short-resolution-161-1612502648.png', 1, 1, 10, 2, 7, 20, 1, 'inclusive', 1, 3434, '232', 'C128', '323', 2323, 0, 0, 2323, 2323, 1, 0, '<p>FInal testing</p>', 1, '2021-02-05 05:24:08', '2021-02-05 20:25:31', '2021-02-05 20:25:31'),
(34, 'string', NULL, NULL, 1, 1, 2, 2, 7, 20, 1, 'inclusive', 1, 0, 'string', 'C39', 'string', 100, 0, 0, 100, 100, 1, 0, NULL, 1, '2021-02-07 02:00:26', '2021-02-07 14:15:47', '2021-02-07 14:15:47'),
(35, 'string', NULL, NULL, 1, 1, 2, 2, 7, 20, 1, 'inclusive', 1, 0, 'string', 'C39', 'string', 100, 0, 0, 100, 100, 0, 0, NULL, 1, '2021-02-07 02:00:41', '2021-02-07 14:14:32', '2021-02-07 14:14:32'),
(36, 'string', NULL, NULL, 1, 1, 2, 2, 7, 20, 1, 'inclusive', 1, 0, 'string', 'C39', 'string', 100, 0, 0, 100, 100, 0, 0, NULL, 1, '2021-02-07 02:01:10', '2021-02-07 14:15:43', '2021-02-07 14:15:43'),
(37, 'string', NULL, NULL, 1, 1, 2, 2, 7, 20, 1, 'inclusive', 1, 0, 'string', 'C39', 'string', 100, 0, 0, 100, 100, 0, 0, NULL, 1, '2021-02-07 02:01:57', '2021-02-07 14:14:58', '2021-02-07 14:14:58'),
(38, 'string', NULL, NULL, 1, 1, 2, 2, 7, 20, 1, 'inclusive', 1, 0, 'string', 'C39', 'string', 100, 0, 0, 100, 100, 0, 0, NULL, 1, '2021-02-07 02:20:31', '2021-02-07 14:14:53', '2021-02-07 14:14:53'),
(39, 'string', NULL, NULL, 1, 1, 2, 2, 7, 20, 1, 'inclusive', 1, 0, 'string', 'C39', 'string', 100, 0, 0, 100, 100, 0, 0, NULL, 1, '2021-02-07 02:21:05', '2021-02-07 14:14:50', '2021-02-07 14:14:50'),
(40, 'string', NULL, NULL, 1, 1, 2, 2, 7, 20, 1, 'inclusive', 1, 0, 'string', 'C39', 'string', 100, 0, 0, 100, 100, 0, 0, NULL, 1, '2021-02-07 02:21:24', '2021-02-07 14:14:45', '2021-02-07 14:14:45'),
(41, 'string', NULL, NULL, 1, 1, 2, 2, 7, 20, 1, 'inclusive', 1, 0, 'string', 'C39', 'string', 100, 0, 0, 100, 100, 0, 0, NULL, 1, '2021-02-07 02:28:36', '2021-02-07 14:14:36', '2021-02-07 14:14:36'),
(42, 'string', NULL, NULL, 1, 1, 2, 2, 7, 20, 1, 'inclusive', 1, 0, 'string', 'C39', 'string', 100, 0, 0, 100, 100, 0, 0, NULL, 1, '2021-02-07 02:28:53', '2021-02-07 14:14:40', '2021-02-07 14:14:40'),
(43, 'Akij Plastic', 'product-featured-1612708602--1612708602.jpeg', NULL, 6, 1, 10, 2, 4, 21, 1, 'exclusive', 1, 100, '100', 'EAN-13', '100', 100, 0, 0, 100, 100, 0, 0, '<p>Akij House </p>', 1, '2021-02-07 14:36:42', '2021-02-07 14:39:33', '2021-02-07 14:39:33'),
(44, 'Akij Plastic', 'product-featured-1612708616--1612708616.jpeg', NULL, 6, 1, 10, 2, 4, 21, 1, 'exclusive', 1, 100, '100', 'EAN-13', '100', 100, 0, 0, 100, 100, 0, 0, '<p>Akij House </p>', 1, '2021-02-07 14:36:56', '2021-02-07 14:39:28', '2021-02-07 14:39:28'),
(45, 'Akij Plastic', 'product-featured-1612708733--1612708733.jpeg', NULL, 5, 1, 5, 2, 4, 5, 1, 'exclusive', 1, 122, '222', 'UPC-A', '222', 222, 0, 0, 222, 22222, 0, 0, '<p>AKij House</p>', 1, '2021-02-07 14:38:53', '2021-02-07 14:39:23', '2021-02-07 14:39:23'),
(46, 'GLASSES LUXURY LENS FASHION DRIV', 'product-featured-1612709158--1612709158.jpeg', 'product-short-resolution-161-1612709158.jpeg', 6, 1, 2, 2, 7, 20, 1, 'inclusive', 0, 500, '100', 'EAN-13', '100', 100, 0, 0, 699, 599, 0, 0, '<p>SUNGLASSES FOR MEN NEW HD POLARISED SUNGLASSES BRAND DESIGNER CLASSIC SUN GLASSES LUXURY LENS FASHION DRIV</p>', 1, '2021-02-07 14:45:58', '2021-02-07 14:45:58', NULL),
(47, 'Daikin Premium Inverter Split Air Conditioner | JTKJ18TV16UD | 1.5 Ton', 'product-featured-1612723852--1612723852.png', NULL, 6, 1, 11, 2, 4, 5, 1, 'exclusive', 1, 232, '232', 'C128', '323', 32323, 0, 0, 32312, 2323, 0, 0, '<p>Testing.</p>', 1, '2021-02-07 18:50:52', '2021-02-07 18:50:52', NULL),
(48, 'Daikin Premium Inverter Split Air Conditioner | JTKJ18TV16UD | 1.5 Ton', 'product-featured-1612725385--1612725385.png', NULL, 6, 1, 11, 2, 7, 20, 1, 'exclusive', 1, 10, '23', 'EAN-8', '323', 323, 0, 0, 30000, 25000, 1, 0, '<p>testing</p>', 1, '2021-02-07 19:16:25', '2021-02-20 14:48:13', '2021-02-20 14:48:13'),
(49, 'test', 'product-featured-1612726588--1612726588.png', NULL, 6, 1, 10, 2, 7, 20, 1, 'exclusive', 1, 5, '45', 'C39', '545', 454, 0, 0, 4543, 2345, 0, 0, '<p>test</p>', 1, '2021-02-07 19:36:28', '2021-02-20 14:48:05', '2021-02-20 14:48:05'),
(50, 'test', 'product-featured-1612726765--1612726765.png', NULL, 6, 1, 10, 2, 7, 20, 1, 'exclusive', 1, 5, '45', 'C39', '545', 454, 0, 0, 4543, 2345, 1, 0, '<p>test</p>', 1, '2021-02-07 19:39:25', '2021-02-20 14:48:01', '2021-02-20 14:48:01'),
(51, 'test', 'product-featured-1612726988--1612726988.png', NULL, 6, 1, 10, 2, 7, 20, 1, 'exclusive', 1, 5, '45', 'C39', '545', 454, 0, 0, 4543, 2345, 1, 0, '<p>test</p>', 1, '2021-02-07 19:43:08', '2021-02-20 14:47:55', '2021-02-20 14:47:55'),
(52, 'Samsung Gallaxy J10', 'product-featured-1613726021--1613726021.jpeg', NULL, 5, 1, 2, 2, 7, 20, 1, 'inclusive', 1, 5, 'samsung-gallaxy-j10', 'C39', NULL, 100, 0, 0, 2000, 0, 0, 0, NULL, 1, '2021-02-19 09:13:41', '2021-02-19 09:13:41', NULL),
(53, 'Samasung Gallaxy J20', 'product-featured-1613726317--1613726317.jpeg', NULL, 1, 1, 2, 2, 7, 20, 1, 'inclusive', 1, 5, 'sansung-j-20', 'C39', NULL, 2000, 0, 0, 9000, 0, 0, 0, '<p>Welcome Product Description</p>', 1, '2021-02-19 09:18:37', '2021-02-19 09:18:37', NULL),
(54, 'Samsung DSLR-GX10', 'product-featured-1613727511--1613727511.webp', NULL, 1, 1, 2, 2, 7, 20, 1, 'inclusive', 1, 5, 'samsung-dslr-gx10', 'EAN-13', NULL, 5, 0, 0, 1000, 0, 0, 0, '<p>Simple Test Description</p>', 1, '2021-02-19 09:38:31', '2021-02-20 14:47:26', '2021-02-20 14:47:26'),
(55, 'Samsung Camera L45', 'product-featured-1613730649--1613730649.jpeg', NULL, 1, 1, 2, 2, 7, 20, 1, 'inclusive', 1, 5, 'samsung-camera-l45', 'C39', NULL, 10, 0, 0, 20, 0, 0, 0, NULL, 1, '2021-02-19 10:30:49', '2021-02-20 14:50:07', NULL),
(56, 'Samsung Camera', 'product-featured-1613746330--1613746330.jpeg', NULL, 1, 1, 2, 2, 7, 20, 1, 'inclusive', 1, 5, 'samsung-camera-1', 'C39', NULL, 10, 0, 0, 20, 0, 0, 0, NULL, 1, '2021-02-19 14:52:10', '2021-02-20 14:48:19', '2021-02-20 14:48:19'),
(57, 'Samsung Camera', 'product-featured-1613746505--1613746505.jpeg', NULL, 1, 1, 2, 2, 7, 20, 1, 'inclusive', 1, 5, 'samsung-camera-2', 'C39', NULL, 10, 0, 0, 20, 0, 0, 0, NULL, 1, '2021-02-19 14:55:05', '2021-02-20 14:47:51', '2021-02-20 14:47:51'),
(58, 'Samsung Camera', 'product-featured-1613746639--1613746639.jpeg', NULL, 1, 1, 2, 2, 7, 20, 1, 'inclusive', 1, 5, 'samsung-camera-3', 'C39', NULL, 10, 0, 0, 20, 0, 0, 0, NULL, 1, '2021-02-19 14:57:19', '2021-02-20 14:47:45', '2021-02-20 14:47:45'),
(59, 'Samsung Camera', 'product-featured-1613746661--1613746661.jpeg', NULL, 1, 1, 2, 2, 7, 20, 1, 'inclusive', 1, 5, 'samsung-camera-4', 'C39', NULL, 10, 5, 0, 20, 0, 0, 0, NULL, 1, '2021-02-19 14:57:41', '2021-02-20 14:47:40', '2021-02-20 14:47:40'),
(60, 'Samsung Camera', 'product-featured-1613746818--1613746818.jpeg', NULL, 1, 1, 2, 2, 7, 20, 1, 'inclusive', 1, 5, 'samsung-camera-5', 'C39', NULL, 10, 4.2, 0, 20, 0, 0, 0, NULL, 1, '2021-02-19 15:00:18', '2021-02-20 14:47:32', '2021-02-20 14:47:32'),
(61, 'HP Pavilion 15-cs3054TX 10th Gen Intel Core i5 1035G1 Wine Gold Notebook', 'product-image-1613832407-603-1613832407.webp', 'product-short-resolution-161-1613749884.webp', 1, 1, 4, 2, 3, 22, 1, 'inclusive', 1, 5, 'HP-Pavilion-15.6-10th-gen', 'UPC-E', NULL, 20, 3, 0, 64000, 45, 1, 0, '<p><strong>Quick Overview Updated</strong></p><p><span style=\"color: rgb(102, 102, 102);\">Processor Generation - 10th Gen</span></p><p><span style=\"color: rgb(102, 102, 102);\">Processor - Intel Core i5 1035G1</span></p><p><span style=\"color: rgb(102, 102, 102);\">Processor Clock Speed - 1.00-3.60GHz</span></p><p><span style=\"color: rgb(102, 102, 102);\">Display Size - 15.6 Inch</span></p><p><span style=\"color: rgb(102, 102, 102);\">RAM - 4GB</span></p><p><span style=\"color: rgb(102, 102, 102);\">RAM Type - DDR4</span></p><p><br></p><p><span style=\"color: rgb(102, 102, 102);\">New Description\'s open</span></p>', 1, '2021-02-19 15:51:24', '2021-03-30 21:34:29', NULL),
(62, 'Man White Shirt', 'product-featured-1613847056--1613847056.jpeg', NULL, 1, 1, 13, 8, 9, 23, 1, 'inclusive', 1, 5, 'man-white-shirt', 'C39', NULL, 10, 5, 0, 499, 0, 0, 0, '<p>Simple Shirt</p>', 1, '2021-02-20 18:50:56', '2021-02-20 18:50:56', NULL),
(63, 'Man Shirt Blue', 'product-featured-1613885008--1613885008.jpeg', NULL, 1, 1, 13, 8, 9, 23, 1, 'inclusive', 1, 5, 'man-shirt-blue', 'C39', NULL, 52, 3.5, 0, 333, 300, 1, 0, '<p>Shirt More Information:</p>', 1, '2021-02-21 05:23:28', '2021-02-21 05:23:28', NULL),
(64, 'Sony Camera', 'product-image-1616927612-606-1616927612.jpeg', 'product-image-1616927612-606-1616927612.jpeg', 1, 1, 12, 2, 7, 20, 1, 'inclusive', 1, 2, 'sony-camera', 'C39', NULL, 12, 4, 0, 45000, 40000, 1, 0, '<p>Simple Description of Sony Camera Updated</p>', 1, '2021-02-21 16:17:55', '2021-03-28 16:33:53', NULL);

INSERT INTO `migrations` (`id`, `migration`, `batch`) VALUES
(48, '0000_00_00_000000_create_websockets_statistics_entries_table', 1),
(49, '2014_10_12_100000_create_password_resets_table', 1),
(50, '2016_06_01_000001_create_oauth_auth_codes_table', 1),
(51, '2016_06_01_000002_create_oauth_access_tokens_table', 1),
(52, '2016_06_01_000003_create_oauth_refresh_tokens_table', 1),
(53, '2016_06_01_000004_create_oauth_clients_table', 1),
(54, '2016_06_01_000005_create_oauth_personal_access_clients_table', 1),
(55, '2019_08_19_000000_create_failed_jobs_table', 1),
(56, '2020_08_13_184435_create_users_table', 1),
(57, '2020_08_14_042532_create_permission_tables', 1),
(58, '2020_08_15_220630_create_currencies_table', 1),
(59, '2020_08_15_220640_create_businesses_table', 1),
(60, '2020_08_15_220648_create_customers_table', 1),
(61, '2020_08_15_220705_create_suppliers_table', 1),
(62, '2020_08_15_223148_create_brands_table', 1),
(63, '2020_08_15_223156_create_categories_table', 1),
(64, '2020_08_15_223530_create_tax_rates_table', 1),
(65, '2020_08_15_223718_create_units_table', 1),
(66, '2020_08_15_888718_create_items_table', 1),
(67, '2020_08_16_170430_create_discount_types_table', 1),
(68, '2020_08_16_170443_create_transactions_table', 1),
(69, '2020_08_16_171720_create_business_locations_table', 1),
(70, '2020_08_16_172045_create_customer_groups_table', 1),
(71, '2020_08_16_172516_create_attributes_table', 1),
(72, '2020_08_16_173156_create_attribute_values_table', 1),
(73, '2020_08_16_173455_create_item_attributes_table', 1),
(74, '2020_08_16_173949_create_sliders_table', 1),
(75, '2020_08_16_174000_create_pages_table', 1),
(76, '2020_08_16_175147_create_transaction_sell_lines_table', 1),
(77, '2020_08_18_205645_create_referrals_table', 1),
(78, '2020_08_18_210048_create_referral_rules_table', 1),
(79, '2020_08_21_172801_add_deleted_at_to_items_table', 1),
(80, '2020_09_07_015212_create_gift_cards_table', 1),
(81, '2020_09_07_020621_create_polls_table', 1),
(82, '2020_09_07_021191_create_poll_options_table', 1),
(83, '2020_09_07_022016_create_poll_responses_table', 1),
(84, '2020_10_28_154939_create_item_images_table', 1),
(85, '2020_10_28_161910_create_vouchers_table', 2),
(86, '2020_11_13_063952_create_item_ratings_table', 3),
(87, '2021_01_24_155124_create_media_table', 4),
(88, '2021_01_29_060051_create_otps_table', 5),
(89, '2021_01_29_065548_create_sms_table', 5),
(90, '2021_02_04_181707_create_invoices_table', 6),
(91, '2021_02_04_182538_create_invoice_items_table', 6),
(95, '2021_02_07_210330_create_coupon_types_table', 7),
(96, '2021_02_07_210349_create_coupons_table', 7),
(97, '2021_02_08_094835_create_order_statuses_table', 8),
(98, '2021_02_08_103031_create_invoice_statuses_table', 8),
(99, '2021_02_15_100453_create_wishlists_table', 9),
(100, '2021_02_19_090527_create_barcode_types_table', 10),
(103, '2021_03_19_003627_create_payment_methods_table', 11),
(104, '2021_03_19_003638_create_payments_table', 11),
(105, '2020_09_07_021255_create_poll_options_table', 1),
(106, '2020_09_22_174545_create_transaction_details_table', 12),
(107, '2020_10_28_162550_create_vouchers_table', 1),
(108, '2020_10_28_163300_create_voucher_transactions_table', 13),
(109, '2020_10_28_163650_create_gift_card_transactions_table', 13),
(110, '2021_03_30_122000_create_offer_items_table', 13),
(120, '2021_03_30_145920_create_countries_table', 14),
(121, '2021_04_04_082043_create_cities_table', 14),
(122, '2021_04_04_082053_create_areas_table', 14),
(123, '2021_04_04_172314_create_addresses_table', 15);

INSERT INTO `model_has_roles` (`role_id`, `model_type`, `model_id`) VALUES
(1, 'Modules\\Auth\\Entities\\User', 1),
(1, 'Modules\\Auth\\Entities\\User', 16),
(1, 'Modules\\Auth\\Entities\\User', 18),
(1, 'Modules\\Auth\\Entities\\User', 25),
(1, 'Modules\\Auth\\Entities\\User', 26),
(1, 'Modules\\Auth\\Entities\\User', 27),
(1, 'Modules\\Auth\\Entities\\User', 32),
(2, 'Modules\\Auth\\Entities\\User', 16),
(2, 'Modules\\Auth\\Entities\\User', 19),
(2, 'Modules\\Auth\\Entities\\User', 20),
(2, 'Modules\\Auth\\Entities\\User', 21),
(2, 'Modules\\Auth\\Entities\\User', 22),
(4, 'Modules\\Auth\\Entities\\User', 28);

INSERT INTO `oauth_access_tokens` (`id`, `user_id`, `client_id`, `name`, `scopes`, `revoked`, `created_at`, `updated_at`, `expires_at`) VALUES
('01207b4f93fd8f950a01869f04f3ab2f5ca12a7daeb3ddfbcd25c2925c043b4cba659afc45c66d2c', 1, 3, 'authToken', '[]', 0, '2021-03-05 01:01:52', '2021-03-05 01:01:52', '2022-03-04 19:01:52'),
('01a90cf29367c57449a23bb0c34d0189bfb930ee902d2597cae260af97bb10a287e1429f44bc712e', 1, 3, 'authToken', '[]', 0, '2021-03-17 11:47:31', '2021-03-17 11:47:31', '2022-03-17 11:47:31'),
('03209d4bd90f437e09642454684ba67626cbb66567312fba5625b786eef04c6b744208c217d74ccf', 1, 3, 'authToken', '[]', 0, '2021-02-07 14:18:06', '2021-02-07 14:18:06', '2022-02-07 14:18:06'),
('046dc310eeb0101ac889c9c43247c2b827eb1f1786b18f33be9f1528c946cd6f85ee59d42f1e8b5b', 1, 3, 'authToken', '[]', 0, '2021-02-22 22:15:26', '2021-02-22 22:15:26', '2022-02-22 16:15:26'),
('0511ad60ace3d437f44299c245460a6cf92d631bd9d3efb4d81ae1f7e8b5c6a4194571684e4a26c1', 1, 3, 'authToken', '[]', 0, '2021-04-03 18:32:23', '2021-04-03 18:32:23', '2022-04-03 18:32:23'),
('061c0bd159542a4b6448b355e3b00f5eb377cefbc7713c761a05bd825034b2578fa43d29cbea18fd', 1, 3, 'authToken', '[]', 0, '2021-02-03 10:26:25', '2021-02-03 10:26:25', '2022-02-03 10:26:25'),
('0bfa9b3e8be05286c28c4c191737ad1ce855e430ad4738bcceb4f3d8cea6ecab9b02278002d43bde', 1, 3, 'authToken', '[]', 0, '2021-03-30 12:17:54', '2021-03-30 12:17:54', '2022-03-30 12:17:54'),
('0c01805de599c17f62d9086471b80082896b9a59b700d6b410fcc0c8d55932274d63d405868b1c82', 1, 3, 'authToken', '[]', 0, '2021-03-07 21:19:53', '2021-03-07 21:19:53', '2022-03-07 15:19:53'),
('0e1c09f49be6d55848bd919c774d141a3624c0b9e78124000df5187c195337f68735a989ea131a8b', 1, 3, 'authToken', '[]', 0, '2021-01-24 14:16:49', '2021-01-24 14:16:49', '2022-01-24 14:16:49'),
('118b339c4e90ee7502b0748f2a968edbc01573f2b1bcf2eaffc4fa94f5101e4fe1d7beb1372d477d', 1, 3, 'authToken', '[]', 0, '2021-04-03 18:38:07', '2021-04-03 18:38:07', '2022-04-03 18:38:07'),
('13014c2f5b51a208bfe39625ba19e0fda9e46b9e99132ac9f5b479a4ab970cb24cf307edfa66dfa9', 1, 3, 'authToken', '[]', 0, '2021-02-10 07:11:20', '2021-02-10 07:11:20', '2022-02-10 07:11:20'),
('13f478da5c8f31f8c14c9d6cd099b601a31d1d9deaa8828ae30ec6103cd23fdf60d726be11c2c49d', 1, 3, 'authToken', '[]', 0, '2021-02-07 02:27:29', '2021-02-07 02:27:29', '2022-02-07 02:27:29'),
('13ff18f9deafb7b012a62c4ab87b184e6394dc911af67b12f55d2373e07fa0a3540de34692444f3a', 1, 3, 'authToken', '[]', 0, '2021-02-01 20:46:52', '2021-02-01 20:46:52', '2022-02-01 14:46:52'),
('149e2375f14548865285883b18a0587e75b7843a69831590b66eabf557f8c276a2c4fb1b64e49d85', 1, 3, 'authToken', '[]', 0, '2021-04-02 17:36:18', '2021-04-02 17:36:18', '2022-04-02 17:36:18'),
('14c5f802790f8bc785f9e2fb9397da7c19c1dc6fdfc73398e7ae0c1bf7c4f80412cad93b4102161c', 1, 3, 'authToken', '[]', 0, '2021-02-07 14:31:56', '2021-02-07 14:31:56', '2022-02-07 14:31:56'),
('16b0e0c850071e521b18344b6607038c7630489c564ece415bb40c2ad47f2cb0ec1c357096e52230', 1, 3, 'authToken', '[]', 0, '2021-01-16 17:10:06', '2021-01-16 17:10:06', '2022-01-16 17:10:06'),
('17bb6c90e4d70b438c9b1236c44cff3767d1104845b2aaee03a67a99356fc7d210c04398bfbea18d', 1, 3, 'authToken', '[]', 0, '2021-03-16 13:35:22', '2021-03-16 13:35:22', '2022-03-16 07:35:22'),
('183c3d968e0229404f0c2e8cd36a3127d910d57e363dd88fdbdf7293afae68c44e6891688616e212', 1, 3, 'authToken', '[]', 0, '2021-02-06 05:04:39', '2021-02-06 05:04:39', '2022-02-06 05:04:39'),
('1cdf8bc2c42fbd848ebe054127d2de8dc7e02a1fbedfe950fed8e426b40b5cfea1ab0745b908013d', 1, 3, 'authToken', '[]', 0, '2021-03-29 00:42:15', '2021-03-29 00:42:15', '2022-03-29 00:42:15'),
('1d8045cbd04bccdc28d210078e01b4266306c21f3df3844c6917b84f0fce871b6e32de5879b5af8c', 1, 3, 'authToken', '[]', 0, '2021-03-30 15:21:36', '2021-03-30 15:21:36', '2022-03-30 15:21:36'),
('21b678f0ccde9ebe8e034e540c08fbce2b34fab7b40dc4db17fdaea9facc06d69ff1431707692f1f', 1, 3, 'authToken', '[]', 0, '2021-02-21 15:58:29', '2021-02-21 15:58:29', '2022-02-21 09:58:29'),
('2ceddd1b6788601c5931d6a5d3b5b90fab29424b282126715ebb63bb5a5a315688d84b0c2574fc30', 1, 3, 'authToken', '[]', 0, '2021-01-24 15:16:38', '2021-01-24 15:16:38', '2022-01-24 15:16:38'),
('3236e41d513c6cd9abc9e8c5ffc655e79fa6d9e184bc60e6c385ca62c977c7ab3576608dc98e1637', 1, 3, 'authToken', '[]', 0, '2021-04-02 16:25:03', '2021-04-02 16:25:03', '2022-04-02 16:25:03'),
('327dc6d9dc95456464e8dc6d168d49b34c14b06565e136944c56d43dbc17a978db7754716d3addbb', 1, 3, 'authToken', '[]', 0, '2021-03-31 20:47:49', '2021-03-31 20:47:49', '2022-03-31 20:47:49'),
('32f2afad41420b8f2778becb41c238b702b3fa5017b080f0b8aeb496aa3b40face9f0037391974bc', 1, 3, 'authToken', '[]', 0, '2021-03-04 21:54:43', '2021-03-04 21:54:43', '2022-03-04 15:54:43'),
('34bd5f297249e4c5a3626cddc1728c293565de3145d1f7d168324d363e4aef493e14e6e4ed71e74b', 1, 3, 'authToken', '[]', 0, '2021-02-18 20:53:11', '2021-02-18 20:53:11', '2022-02-18 20:53:11'),
('371bf5dae35026aee0702f43485500a89ca9a0681f53fcc11a52664cfd01cb4efef715067f7b5c7c', 1, 3, 'authToken', '[]', 0, '2021-02-03 04:24:52', '2021-02-03 04:24:52', '2022-02-03 04:24:52'),
('3919c6911def98da2a92899e4b61bde7189e524ff400136b26d22c893aef9233198270aa42c08962', 1, 3, 'authToken', '[]', 0, '2021-02-04 18:11:43', '2021-02-04 18:11:43', '2022-02-04 18:11:43'),
('3c2d613c9e01bab1486e88c192174152ea484862aea682ca9312140f1fe51d24359f47363db09dc5', 1, 3, 'authToken', '[]', 0, '2021-01-24 14:12:20', '2021-01-24 14:12:20', '2022-01-24 14:12:20'),
('409db993954805191b27b551f51d70386c042e9e6c8a73d390b8d20d600ab14f95919757f3f77116', 1, 3, 'authToken', '[]', 0, '2021-02-24 22:07:10', '2021-02-24 22:07:10', '2022-02-24 16:07:10'),
('4128b520bae2ed795b2afc12c7430a6db9675f49a9650a7776cf8a751f0946d6e158780762acefef', 1, 3, 'authToken', '[]', 0, '2021-02-22 18:47:58', '2021-02-22 18:47:58', '2022-02-22 12:47:58'),
('4191c7a7229f18b1bb147d1d6d0983304083f25f55c5079ce60e77e4881ec8248c903302b33351dc', 1, 3, 'authToken', '[]', 0, '2021-02-05 08:25:22', '2021-02-05 08:25:22', '2022-02-05 08:25:22'),
('4352b8f949c6a9baffb85a8a4a048e8be931a3c2990fc907440f77e2642dde2a32dd2965f191e3a3', 1, 3, 'authToken', '[]', 0, '2021-02-06 15:47:02', '2021-02-06 15:47:02', '2022-02-06 15:47:02'),
('43c2a61a6e0a61ac78234be45e63410691b65ecc573afae59708b16b8d8e7dcd20564c55d2b500ca', 1, 3, 'authToken', '[]', 0, '2021-02-21 05:34:08', '2021-02-21 05:34:08', '2022-02-21 05:34:08'),
('446fd8f80774c9c945cf4e2fbc50f64b884c9c38a15edc4cdce311077816698119e724b12d5ec35a', 18, 3, 'authToken', '[]', 0, '2021-02-07 11:44:24', '2021-02-07 11:44:24', '2022-02-07 11:44:24'),
('4532d1adb9d3ab8ed4df80897ababa4af758332e7016d1b972618aaad0cd3af1eab91fd1cb3b4511', 1, 3, 'authToken', '[]', 0, '2021-03-28 17:22:41', '2021-03-28 17:22:41', '2022-03-28 17:22:41'),
('47aacb85a8b505b39d3123eb6020fc6b4459fd1dd8e1f86e103e5ed6c6d3bec002c73f7dab8b7956', 15, 3, 'authToken', '[]', 0, '2021-02-07 11:28:08', '2021-02-07 11:28:08', '2022-02-07 11:28:08'),
('4b7dfd225838733fb039b9314dd21a8f59bdf6d3371b6f52f4426837ab25c25eebb64091e9708bb2', 1, 3, 'authToken', '[]', 0, '2021-03-05 00:59:12', '2021-03-05 00:59:12', '2022-03-04 18:59:12'),
('4bd1d7c9140116663fa137301bf0d4297ed9805c971ec5ba3c6006a7a4ebaa465ee0f25c669d1287', 1, 3, 'authToken', '[]', 0, '2021-03-07 16:43:17', '2021-03-07 16:43:17', '2022-03-07 10:43:17'),
('4e2b6dcc2039cada57f931cba2b9bb6ef9c058c2e4642d093fedf6eeb671d4aaf58cb9c8051e8f42', 1, 3, 'authToken', '[]', 0, '2021-03-05 01:03:06', '2021-03-05 01:03:06', '2022-03-04 19:03:06'),
('538d9cf83e3b77f49842c9b1d58f9910b434f265c5cd6a798d8ec87903f1227216f8c1ccc2f1985f', 1, 3, 'authToken', '[]', 0, '2021-03-29 02:00:18', '2021-03-29 02:00:18', '2022-03-29 02:00:18'),
('53a9cc4cf2b7a3b2efd715766cc4d2bb1741cbb015a2920b9a644acc88bba72a76821bd6993f5372', 1, 3, 'authToken', '[]', 0, '2021-02-06 05:19:11', '2021-02-06 05:19:11', '2022-02-06 05:19:11'),
('548b289831fa54be75d9216c6da6264aef9903a08997ba40dc2e45229c4462b9353234b1809a1b60', 1, 3, 'authToken', '[]', 0, '2021-02-05 20:44:09', '2021-02-05 20:44:09', '2022-02-05 20:44:09'),
('59503beb9a509c4dcbf479f414d75432a9d31eb666c9e802312f99151019698f407c562e7dd74f31', 1, 1, 'authToken', '[]', 0, '2020-12-12 02:19:33', '2020-12-12 02:19:33', '2021-12-12 02:19:33'),
('5a4bdd023c42d57734e98a79c7318283482c91ab126e18f7dde4c492997e263a31452561cd3449aa', 1, 3, 'authToken', '[]', 0, '2021-02-06 13:09:33', '2021-02-06 13:09:33', '2022-02-06 13:09:33'),
('5b886250456bb2a18fb4e9370aed9f08bca0f9e45be3931d53beda9d9794af49bfa15d8eeffbe5ba', 1, 3, 'authToken', '[]', 0, '2021-02-21 15:51:50', '2021-02-21 15:51:50', '2022-02-21 09:51:50'),
('5c1a237b80ae465328774fcf5afa6976680d84c49b2e3ecb6ab716b9f6fdaff2f239517ddba0695f', 1, 3, 'authToken', '[]', 0, '2021-03-29 02:30:14', '2021-03-29 02:30:14', '2022-03-29 02:30:14'),
('5dc2ede2473638bff50a73822aeeb70626932523486e283646120ae6763222bcd582b423064e96e2', 1, 3, 'authToken', '[]', 0, '2021-02-21 08:27:50', '2021-02-21 08:27:50', '2022-02-21 08:27:50'),
('614ade0217d702aff86bc6039f862cdd7494c53d082c373aa26fce4dc1580388291574301d579a2e', 1, 3, 'authToken', '[]', 0, '2021-03-31 20:46:10', '2021-03-31 20:46:10', '2022-03-31 20:46:10'),
('61fe55c6332181bcf70b60b52073cf8599e8a907697ea984ed1cc32bac4afefe0e050acb2ebdb3c5', 1, 3, 'authToken', '[]', 0, '2021-04-01 16:09:30', '2021-04-01 16:09:30', '2022-04-01 16:09:30'),
('655b320f55d4d040577c4d3146f1e094fb06f2bc0d99261af498f7a64a9b803482e1a0a174732de0', 1, 3, 'authToken', '[]', 0, '2021-02-14 21:10:24', '2021-02-14 21:10:24', '2022-02-14 21:10:24'),
('6704636202efb938a26cffb6e8118c99a8ab6d16a241062375529a422d76550b8324d72784cf3202', 1, 3, 'authToken', '[]', 0, '2021-02-14 21:25:01', '2021-02-14 21:25:01', '2022-02-14 21:25:01'),
('67cbdc3aeab824c529143efa1e84d43eb9cf5838a4cc923282e3e2aeee210f8f2f718f2fd47d1fd1', 1, 3, 'authToken', '[]', 0, '2021-02-06 13:12:13', '2021-02-06 13:12:13', '2022-02-06 13:12:13'),
('695fc1e680cb4e66427cd17870195ab5fa4144821b7cd98f090cc4872ccb0dd9cb533e589fa70e8f', 1, 1, 'authToken', '[]', 0, '2020-12-12 14:05:07', '2020-12-12 14:05:07', '2021-12-12 14:05:07'),
('6a9087f25b5a66979d74de619a14d08a59e5709981afb58228b19de36776d338d1ea74208d8c9707', 1, 3, 'authToken', '[]', 0, '2021-01-24 14:17:21', '2021-01-24 14:17:21', '2022-01-24 14:17:21'),
('6c434c0378e38fba8d044484595554a3b37503f96358502d90569ede86ca1f6563235a423abef163', 1, 3, 'authToken', '[]', 0, '2021-02-05 19:23:29', '2021-02-05 19:23:29', '2022-02-05 19:23:29'),
('6e1fe3cf199a439e3fc08ee5791d3b0354d6d86c8489c8fdb0a61168068c87543cbc7fef1b42e8ed', 1, 3, 'authToken', '[]', 0, '2021-03-04 22:36:13', '2021-03-04 22:36:13', '2022-03-04 16:36:13'),
('6eafdb3738ff0b7f1e60d23406437fb93eec462ab7185e1795604ac2f5cb5c7419a0f6b9531c30ea', 1, 3, 'authToken', '[]', 0, '2021-02-21 16:12:38', '2021-02-21 16:12:38', '2022-02-21 10:12:38'),
('75a021b90fa310530d025314ea12b6279742483dcc700fd4012d7330ffc1a0630ceaf3c05a9f40c9', 1, 3, 'authToken', '[]', 0, '2021-02-03 08:42:56', '2021-02-03 08:42:56', '2022-02-03 08:42:56'),
('7721d9b148468f6a026532aa7efe1cd175b4f4b58abdfbeb6f98d93ef3d7bf8116b30b54521bcf50', 1, 3, 'authToken', '[]', 0, '2021-03-05 00:56:56', '2021-03-05 00:56:56', '2022-03-04 18:56:56'),
('77a2ee9680c62f39d3e0dd67bbce855f74f2e2a6085c63f6ec4d4af00f4c0d17800c34b5289396e8', 1, 3, 'authToken', '[]', 0, '2021-02-20 07:12:46', '2021-02-20 07:12:46', '2022-02-20 07:12:46'),
('7af389e3d659ff22247038aebcc42a7f9d1d13067f8ef88ff8a333e450580623a8dc5301840b8659', 1, 1, 'authToken', '[]', 0, '2020-12-07 01:49:39', '2020-12-07 01:49:39', '2021-12-07 01:49:39'),
('7e53b7bd520d114fee2a5c66abd2c47595f6841a34f05626a149d49e706bcc433431e33e051f50b1', 1, 3, 'authToken', '[]', 0, '2021-02-21 16:47:44', '2021-02-21 16:47:44', '2022-02-21 10:47:44'),
('7f703c58ca264edfbec5d813c83def3d488b4194fb31b3930efb884759b2a343e85a9625711e4fe5', 1, 3, 'authToken', '[]', 0, '2021-03-04 22:15:56', '2021-03-04 22:15:56', '2022-03-04 16:15:56'),
('8133b0b58e324a4bdf5e1184f2794c097dd9c5582aa3610bee26cb42e582e47178de2bbf1dd01a34', 1, 3, 'authToken', '[]', 0, '2021-04-01 15:24:23', '2021-04-01 15:24:23', '2022-04-01 15:24:23'),
('84f0c5e672b8da202f39c2990d6cbbf4e4923cf2fcdf54a58e71fbaff77037dfc3baec7a3a3f2b96', 1, 3, 'authToken', '[]', 0, '2021-02-05 20:21:38', '2021-02-05 20:21:38', '2022-02-05 20:21:38'),
('86416ca7335b67c959e279cca366da491a4ac55cbf405a798b21652d22dd1c91fea0b0142e0fdc47', 1, 3, 'authToken', '[]', 0, '2021-02-04 13:15:36', '2021-02-04 13:15:36', '2022-02-04 13:15:36'),
('881e404e21786979073e54aa45abdec3fb971d4b1a2cb5aa999cac39a3c8625234e946e738f9968b', 1, 3, 'authToken', '[]', 0, '2021-04-02 16:35:16', '2021-04-02 16:35:16', '2022-04-02 16:35:16'),
('89cc9720c600b230f963066a1b88b6aa8f79168cf5a7bcfe5cc428fb2a99b0cc60d762dfa3fabd0e', 1, 1, 'authToken', '[]', 0, '2020-12-07 01:47:13', '2020-12-07 01:47:13', '2021-12-07 01:47:13'),
('8b87646af01144667e676c44ceabd6c0af87b108217d2aa157570a886e49466336cb325da3914895', 1, 3, 'authToken', '[]', 0, '2021-03-30 13:33:42', '2021-03-30 13:33:42', '2022-03-30 13:33:42'),
('8b9e4b062d7768c7692be3d58b90db6124fba14d9210393f564ed415484c53221bdcb22fb209b4d7', 1, 3, 'authToken', '[]', 0, '2021-03-16 16:45:45', '2021-03-16 16:45:45', '2022-03-16 10:45:45'),
('8e9731d0e3645ffe5592244eea7eff6570aae3de4cfb4e8dbf013daf4c626bdebbe2fce75b908536', 1, 3, 'authToken', '[]', 0, '2021-02-21 15:50:40', '2021-02-21 15:50:40', '2022-02-21 09:50:40'),
('9077a1f6305c596771c7a7f7e7792a0abf19f87b0f29d3e4ec46a7ff19c251e1065db42f6f3dbd0b', 1, 3, 'authToken', '[]', 0, '2021-02-07 14:54:55', '2021-02-07 14:54:55', '2022-02-07 14:54:55'),
('9132833aa0e0a462ce3ba01e81b89ae3c6e6056aa08cf95e9c5e4ee9ace87b9e55ab8d487754ed1f', 1, 3, 'authToken', '[]', 0, '2021-03-30 13:25:15', '2021-03-30 13:25:15', '2022-03-30 13:25:15'),
('926ddbc2540789d5f0a35e3ffb43414636d997d21a6219ea59950dd668de515c65450f8ef5798436', 1, 3, 'authToken', '[]', 0, '2021-03-04 22:30:49', '2021-03-04 22:30:49', '2022-03-04 16:30:49'),
('930852ac7409118c47567b5ef0d8ada3eb0bcc62fec053819c77017af1fa5190fc5a0b6f0f37b68c', 1, 1, 'authToken', '[]', 0, '2020-12-10 16:54:02', '2020-12-10 16:54:02', '2021-12-10 16:54:02'),
('9a528bdb5efdd65324de792b5dfebe6a1a2e142cbb26e58b47d86770a44cbf45fdd983b07629ba56', 1, 3, 'authToken', '[]', 0, '2021-02-24 12:15:32', '2021-02-24 12:15:32', '2022-02-24 06:15:32'),
('9b6ed529fa2905411d0cd520ef96c4ed39cb10648820cd980678ea9fb3ad7966c854794e58d9f9f5', 1, 3, 'authToken', '[]', 0, '2021-02-02 03:51:32', '2021-02-02 03:51:32', '2022-02-01 21:51:32'),
('9c78d8ac246cddca91bf499256dfa8c90531453113b9835d48786289b9a6e8f1d9023dc5e657a8c5', 1, 3, 'authToken', '[]', 0, '2021-01-26 15:19:51', '2021-01-26 15:19:51', '2022-01-26 15:19:51'),
('9e4e6713ec9f655b86dd1de52c35060ce1c657a63dba88dca65cc933dde0175546d8cbf72917c28f', 1, 3, 'authToken', '[]', 0, '2021-03-04 22:35:35', '2021-03-04 22:35:35', '2022-03-04 16:35:35'),
('9f957c91e984cae5aa0b6ab2f77138fd30a966a85c0c987427b095d13e7bd66212eb5a230fd7c060', 1, 1, 'authToken', '[]', 0, '2020-12-12 14:01:17', '2020-12-12 14:01:17', '2021-12-12 14:01:17'),
('a1977e4f7f147905c9369f8c30caf4af2a6fdab8883199fd1e980d0a8f44649e2dc387a1b15486e9', 1, 3, 'authToken', '[]', 0, '2021-02-03 04:16:03', '2021-02-03 04:16:03', '2022-02-03 04:16:03'),
('a1ac0b17a792f4b7c6250086caa9169e22bc2daa35c4aebcc460868487b00aa5e4bcbdb2d84350f1', 1, 3, 'authToken', '[]', 0, '2021-01-09 18:51:49', '2021-01-09 18:51:49', '2022-01-09 18:51:49'),
('a2cc17453b88ce80c371e1301afa2a175694b4b229a9b20ad4cbd68060dcc15668edce2d967fbe10', 1, 3, 'authToken', '[]', 0, '2021-03-04 21:51:31', '2021-03-04 21:51:31', '2022-03-04 15:51:31'),
('a3a727bb5487ab8e71cc7b21a6e70ebc382d86d9484d51306a96c2f7a2dabd5e87afb0443b3bf4ed', 1, 3, 'authToken', '[]', 0, '2021-02-05 16:30:14', '2021-02-05 16:30:14', '2022-02-05 16:30:14'),
('a7893593c842274eda984b85a27ed973b9c719e97a524a8bb52323a3636b1b7c853316d602878263', 1, 3, 'authToken', '[]', 0, '2021-02-07 14:19:24', '2021-02-07 14:19:24', '2022-02-07 14:19:24'),
('aa132a07ccfcff58b8b34b90eb142e2ff24b754431ad00c5ce9fba08b7e7d3d045f67ceb1b12fbdf', 1, 3, 'authToken', '[]', 0, '2021-03-30 14:05:11', '2021-03-30 14:05:11', '2022-03-30 14:05:11'),
('aa15a23f330fc9c3bb9c0362509d9e00f14656cbc8ec4acb6fb06f808447011ac5af38a25e1742ac', 1, 3, 'authToken', '[]', 0, '2021-02-05 19:36:33', '2021-02-05 19:36:33', '2022-02-05 19:36:33'),
('aaa3370b397bc7e946bc4861c615692906d0e52a353c7cb3e0801f79aa0371a115922f6fd83331e5', 1, 3, 'authToken', '[]', 0, '2021-02-05 20:18:34', '2021-02-05 20:18:34', '2022-02-05 20:18:34'),
('ab693792d34a39a26cd29a2d0ec1bbfd83d5955742b880a2da97475dfe099bbd0ed5f3896653192c', 1, 3, 'authToken', '[]', 0, '2021-02-05 04:09:10', '2021-02-05 04:09:10', '2022-02-05 04:09:10'),
('ae520d5e6a9095b05d98034d5690cf33b4d22ea4ac8a6f89610e00094daa75fd40e01b1b7fbd0c0d', 1, 3, 'authToken', '[]', 0, '2021-03-05 01:00:16', '2021-03-05 01:00:16', '2022-03-04 19:00:16'),
('ae673f02632b1a349936cbd1e2a3d12b8c69e74be119508e913fa89626eb34aba97a031ed323a541', 1, 3, 'authToken', '[]', 0, '2021-03-30 15:24:33', '2021-03-30 15:24:33', '2022-03-30 15:24:33'),
('aef3c5baa7c7eb970a272f8a28f167f8197de850214c2eb67134da71f44b6253da92b39a471a86f1', 1, 3, 'authToken', '[]', 0, '2021-02-05 19:57:47', '2021-02-05 19:57:47', '2022-02-05 19:57:47'),
('b11c36801c5d608357465db171a897208d69416c9c9c34cb852a51e50c31ebda28aed719ad145c78', 1, 3, 'authToken', '[]', 0, '2021-02-06 05:08:35', '2021-02-06 05:08:35', '2022-02-06 05:08:35'),
('b166801cfcae622474e3782cc0aa1b6a538d799ae4f73b10407819d21c37726821f1f76ca94b97e3', 1, 3, 'authToken', '[]', 0, '2021-02-24 21:58:29', '2021-02-24 21:58:29', '2022-02-24 15:58:29'),
('b190dfa58703a80dbb6a5978788944317b5563a6a79914d5ac795094320a523f781678f2a09a3d9b', 1, 3, 'authToken', '[]', 0, '2021-02-15 11:19:57', '2021-02-15 11:19:57', '2022-02-15 11:19:57'),
('b97b53d498dc75bc4d19e530de51ae24ff48161d2bc984a7904962470772b98543d79fecdb0561a4', 1, 3, 'authToken', '[]', 0, '2021-04-03 18:40:04', '2021-04-03 18:40:04', '2022-04-03 18:40:04'),
('ba3a2fae9118e34784404556ab364b864ed320682633caa93d45bf8c4544a83521ccbc5ee21212a0', 1, 3, 'authToken', '[]', 0, '2021-03-28 16:30:00', '2021-03-28 16:30:00', '2022-03-28 16:30:00'),
('bbcbfe7c262293009c020042805433966fb0f033dac0a63a9af3a09b8c1c75d72aa7c0c85d1eabd1', 1, 3, 'authToken', '[]', 0, '2021-02-15 15:27:47', '2021-02-15 15:27:47', '2022-02-15 15:27:47'),
('bbdf20abac58f664169bb1d3c99b33716c91faf6ca3df628b97c232c062f97b02886c96b80e23d85', 1, 3, 'authToken', '[]', 0, '2021-03-17 14:07:10', '2021-03-17 14:07:10', '2022-03-17 14:07:10'),
('bd02119d980bca2512892cb8f1e94be93aa6c0b73bc813a47a49c3fd970a37f93d03e06ffc01c8cc', 1, 3, 'authToken', '[]', 0, '2021-02-14 21:29:53', '2021-02-14 21:29:53', '2022-02-14 21:29:53'),
('be9bb5d2c2c14f1ff1a002f6a511b7385012114ff3d29dbcf4108767311d38d51985190a906db2f9', 1, 3, 'authToken', '[]', 0, '2021-03-30 08:12:53', '2021-03-30 08:12:53', '2022-03-30 08:12:53'),
('bf5a8da8343ba80f32c6cae7aed4a2aabb23f8eb511c39a026418175aa91ab7f25a9e11d1c2d99a2', 1, 3, 'authToken', '[]', 0, '2021-02-01 21:34:28', '2021-02-01 21:34:28', '2022-02-01 15:34:28'),
('c13bdceed44c5c8713fe599cc04d8d67731f49c75cfd564d9e45935faeaec33787d73d853525f919', 1, 3, 'authToken', '[]', 0, '2021-04-04 10:47:22', '2021-04-04 10:47:22', '2022-04-04 10:47:22'),
('c27748aaab078b9ea8f82c78d17a2bd1c9387994807346407a2cf57a808446453e9865d6ba6a1e08', 1, 3, 'authToken', '[]', 0, '2021-03-17 00:04:41', '2021-03-17 00:04:41', '2022-03-17 00:04:41'),
('c35bda07e20cae5ad3f202b2bb63da9045672e08f6e424100b24259f044926de0ac1e959ce7ad9dc', 1, 3, 'authToken', '[]', 0, '2021-02-04 18:17:30', '2021-02-04 18:17:30', '2022-02-04 18:17:30'),
('c418adcac2ddd6ab5d4a77761566647ca4abffd81784aa2bb36804483dd412edafba2d560a44a7ae', 1, 3, 'authToken', '[]', 0, '2021-02-03 07:21:28', '2021-02-03 07:21:28', '2022-02-03 07:21:28'),
('c6491bc28e70d76e2ad0a5b463072f6c7cdfbba5897cef903cc813ea1c81f895e5f5887c4efdba1a', 1, 3, 'authToken', '[]', 0, '2021-04-04 18:53:43', '2021-04-04 18:53:43', '2022-04-04 18:53:43'),
('c725cbff41276cc9e218c7fbc55199bffd6ed3d67d68011b1b55128a965d3b83cf25293e7ff9e4a3', 1, 3, 'authToken', '[]', 0, '2021-03-30 15:43:05', '2021-03-30 15:43:05', '2022-03-30 15:43:05'),
('c7e844be677d75fdcd42aab30a9e9950f2dbb03834837126a8c11718fd920cba4649ae3b11a0df0a', 1, 3, 'authToken', '[]', 0, '2021-03-31 20:43:31', '2021-03-31 20:43:31', '2022-03-31 20:43:31'),
('cacde64fab30e99e2f32ac81fe173463bbc94972d6e86e5ae6e9e1ef2ec7e9b67109155e19c66d18', 1, 3, 'authToken', '[]', 0, '2021-02-07 13:34:59', '2021-02-07 13:34:59', '2022-02-07 13:34:59'),
('cb6960931b348ddafa338e38f20971aecdb2105441bf3af4e457efbffd8072c55874976c40a69dcb', 1, 3, 'authToken', '[]', 0, '2021-02-21 07:37:59', '2021-02-21 07:37:59', '2022-02-21 07:37:59'),
('cc764d2eb06cacf0a0d711db2299d68b3b7a1bb843847842d9b58543028229280a5ce1e79ae9ce1b', 1, 3, 'authToken', '[]', 0, '2021-03-04 22:07:51', '2021-03-04 22:07:51', '2022-03-04 16:07:51'),
('ccf43ce01dad69bad95a58bfa8bc8f4d366b7804fb07fd989c6cead2128f96232d45a2a5d7da2758', 1, 3, 'authToken', '[]', 0, '2021-03-15 01:07:44', '2021-03-15 01:07:44', '2022-03-14 19:07:44'),
('cd46ca8b58476807ae29e3b5f0a3c1d52ed73cb67e2a9e9923764f9e40b46fa9d98b87f69c067647', 1, 3, 'authToken', '[]', 0, '2021-02-06 09:46:42', '2021-02-06 09:46:42', '2022-02-06 09:46:42'),
('ce751c873a424c7c644e9ebbb9d9ba2d15cdd54c392069c76fcacdf761f5207692cb85e62399bab5', 1, 3, 'authToken', '[]', 0, '2021-03-31 20:47:44', '2021-03-31 20:47:44', '2022-03-31 20:47:44'),
('d0f6013cdba5a13aed1f830d6d9317bc8d5ab5a7a8cdbd485ef6a856bd2ee20e8f2db66176cb856a', 1, 3, 'authToken', '[]', 0, '2021-02-07 14:23:32', '2021-02-07 14:23:32', '2022-02-07 14:23:32'),
('d1d128fd3c71a8f8c87ed7e44068d3e0a23a9499051b93b4a235693bcc66bf5266a4e738e42f173c', 1, 3, 'authToken', '[]', 0, '2021-02-15 17:48:23', '2021-02-15 17:48:23', '2022-02-15 17:48:23'),
('d3bf925f8e16a8d6af206f52295a0beff995c112c1df6ea6af49550702acd0dc1b231e990ca1259e', 1, 3, 'authToken', '[]', 0, '2021-02-21 05:36:27', '2021-02-21 05:36:27', '2022-02-21 05:36:27'),
('d5df8f83baedd72c80de7727ad7b7c70d74cc2e5fa18c205abb64d93e47d2860b68186ac8c70aca9', 1, 3, 'authToken', '[]', 0, '2021-02-21 05:32:28', '2021-02-21 05:32:28', '2022-02-21 05:32:28'),
('d6d8c3d905abe4f677c4294174458cce83088309d1c565105f29f41b470216905422f0be43249ea9', 1, 3, 'authToken', '[]', 0, '2021-03-28 23:09:03', '2021-03-28 23:09:03', '2022-03-28 23:09:03'),
('d8839c9cb01291a992b82abebe5335b3191c55099ff34266cc0054fbab774990667ee2cfd0a8bbd5', 16, 3, 'authToken', '[]', 0, '2021-02-07 11:39:20', '2021-02-07 11:39:20', '2022-02-07 11:39:20'),
('d9e3cc4649454e7fb9c095a33a009197bdb37173e77a6e0e4cedc102ef7ecbd66b69f20168360990', 1, 3, 'authToken', '[]', 0, '2021-02-14 21:26:27', '2021-02-14 21:26:27', '2022-02-14 21:26:27'),
('dc787504970c44a3c099796dca973cc5a9be6757c298b69baa3cd4941d93e0e724337adcf914d5df', 1, 3, 'authToken', '[]', 0, '2021-02-21 07:54:00', '2021-02-21 07:54:00', '2022-02-21 07:54:00'),
('dc8da7e925542b46e9d63bebf406163f0fc4d367d7a9596d6c7dd406a9e31b68db8ff5ebd36b8e73', 1, 3, 'authToken', '[]', 0, '2021-03-30 13:23:54', '2021-03-30 13:23:54', '2022-03-30 13:23:54'),
('dccba1a8c7f2c5e19f8a789f5edf8b06c12f23484ca40eec919825b9dbc4d76102aa36eb4771457b', 1, 3, 'authToken', '[]', 0, '2021-01-25 16:52:33', '2021-01-25 16:52:33', '2022-01-25 16:52:33'),
('dcda804d5a635280a85fce19a48beb9bbcbcfff9316646355cbe386a0db04ba82564fe045645376f', 1, 3, 'authToken', '[]', 0, '2021-03-17 13:38:37', '2021-03-17 13:38:37', '2022-03-17 13:38:37'),
('e068403d593f07b0a15bdea25f18f78d45f5925186d2012acda49e12998d2e3c26f24403fd7bd4ef', 1, 3, 'authToken', '[]', 0, '2021-03-29 22:27:26', '2021-03-29 22:27:26', '2022-03-29 22:27:26'),
('e1dbd0a9eb423e59c75203291072c2230901e7dea6d0ef2b63b29d562bc3a1bf15bdea6ec8f48ee8', 1, 3, 'authToken', '[]', 0, '2021-04-04 10:43:57', '2021-04-04 10:43:57', '2022-04-04 10:43:57'),
('e3dac1c241a3e3b3fe0c0b041a3ddec04584114412831e73565a2dc3bda508e17f0d787c9b8fcfe5', 1, 3, 'authToken', '[]', 0, '2021-04-04 18:46:40', '2021-04-04 18:46:40', '2022-04-04 18:46:40'),
('e70979bb5ec29fa14a442b6554f2fa9dd84d01749e71a7326d359a61cb1a1db5bc443c044584b924', 1, 3, 'authToken', '[]', 0, '2021-02-21 16:03:50', '2021-02-21 16:03:50', '2022-02-21 10:03:50'),
('e7a871f5115861e4c3e745a09c33590ca9221cb7e066c6fda584f4e9d4416a81eb35f45913c8fa24', 1, 3, 'authToken', '[]', 0, '2021-02-21 06:08:04', '2021-02-21 06:08:04', '2022-02-21 06:08:04'),
('e7cd908afc6be0d1aec5af78076cfc14bf0db937f0787a683c8cfee10b136cc366ca5ddff6837e53', 2, 3, 'authToken', '[]', 0, '2021-01-16 17:13:14', '2021-01-16 17:13:14', '2022-01-16 17:13:14'),
('eb019d9f07d90e35579e6b85795517fa9c4eeb061aa79438790a4bc4d456db7a546a4e7133c48fd5', 1, 3, 'authToken', '[]', 0, '2021-03-20 11:11:04', '2021-03-20 11:11:04', '2022-03-20 11:11:04'),
('ed5fbdf1518ec672e4cb60d18d8bb0073e02541a66e018dc4137c70559fd7df60410a6bcc46a2c2b', 1, 3, 'authToken', '[]', 0, '2021-02-14 21:28:18', '2021-02-14 21:28:18', '2022-02-14 21:28:18'),
('eec883cca1c7fa3c97fe58f36865cf6e92decb8a4b99f82d289cbdf5a2d6c29925dcc7a375d291c7', 1, 3, 'authToken', '[]', 0, '2021-02-19 05:08:27', '2021-02-19 05:08:27', '2022-02-19 05:08:27'),
('ef00d9dfdba7779a9168a0b15f4a34df588c83bc37630ff0e9b90e25d24fa4e0496d9aa80ac961d5', 1, 3, 'authToken', '[]', 0, '2021-03-05 00:50:55', '2021-03-05 00:50:55', '2022-03-04 18:50:55'),
('f2b573f55d93972a693779388ba5b81801825beb801d44993edcb3df3f783aaea3767ae7dfeecf21', 1, 3, 'authToken', '[]', 0, '2021-03-17 13:31:50', '2021-03-17 13:31:50', '2022-03-17 13:31:50'),
('f422456859d1c7f32cd51784dddfe6e306505b798c16a89daa9406d513c17e537e93b2fb63a61696', 1, 3, 'authToken', '[]', 0, '2021-03-04 22:23:40', '2021-03-04 22:23:40', '2022-03-04 16:23:40'),
('f4d4564188b0712728a8e4dc7c7ac42c63dc7c99e283451e94d67d3f372bbfe851b8726e23e20594', 1, 3, 'authToken', '[]', 0, '2021-03-21 09:27:50', '2021-03-21 09:27:50', '2022-03-21 09:27:50'),
('f4d734b8c2a8ce6343fd8584f2748bb7a54d29289c5952cefe996c7c2a5b6c864091708ff9ac16f5', 1, 3, 'authToken', '[]', 0, '2021-03-04 22:33:15', '2021-03-04 22:33:15', '2022-03-04 16:33:15'),
('f580690c46c6b8718ccf61553d9a738d8986438b8f586fc3c8efe62f351c73c64022a7fa812d1ed3', 1, 1, 'authToken', '[]', 0, '2020-12-12 13:38:12', '2020-12-12 13:38:12', '2021-12-12 13:38:12'),
('f7d94e8ead87beaca59565b56e1c3e42dd76e16429be62a53f91cd6a6e97a27ed407e2a2b0b34d8c', 1, 3, 'authToken', '[]', 0, '2021-04-04 10:09:58', '2021-04-04 10:09:58', '2022-04-04 10:09:58'),
('fb206b24342ea1ef7572cdeac731fa45d9566e8fc5b3d6254a03d8b21e48080429b462b90ee9ee05', 1, 3, 'authToken', '[]', 0, '2021-02-05 19:19:35', '2021-02-05 19:19:35', '2022-02-05 19:19:35'),
('fc4e4b1a10dbb4f84acf4f237db4163d05620d80e43c81f07851d30f7270a3d7ddd60414fe528d7c', 1, 3, 'authToken', '[]', 0, '2021-02-07 14:08:59', '2021-02-07 14:08:59', '2022-02-07 14:08:59'),
('fc5f27aff0940326da09fb859e9d59a2a1e14c4f9181e19fc0e91335d819b010ae0e01501f0d24aa', 1, 3, 'authToken', '[]', 0, '2021-03-15 22:02:30', '2021-03-15 22:02:30', '2022-03-15 16:02:30'),
('fc8f90321907b62dc1cd51be0e2c94b1ec5b4f3af72bd3df8419aedbb5d1762f1315825465078a1a', 1, 3, 'authToken', '[]', 0, '2021-03-05 01:03:39', '2021-03-05 01:03:39', '2022-03-04 19:03:39'),
('ff2ab1f7755c24b81c6f17ab917b482d0c2682d638dc96f43a440d33d37287658aa72603ba451119', 1, 3, 'authToken', '[]', 0, '2021-02-24 22:51:51', '2021-02-24 22:51:51', '2022-02-24 16:51:51');

INSERT INTO `oauth_clients` (`id`, `user_id`, `name`, `secret`, `provider`, `redirect`, `personal_access_client`, `password_client`, `revoked`, `created_at`, `updated_at`) VALUES
(1, NULL, 'iApps Personal Access Client', 'glxjqnd2b5WaMAzseMhbjlooZWXV7qt305T1PiAP', NULL, 'http://localhost', 1, 0, 0, '2020-12-07 01:35:39', '2020-12-07 01:35:39'),
(2, NULL, 'iApps Password Grant Client', 'OsNo8CvE0wysryhxXMUMuI3k5SjGhVP9qkVuWOOk', 'users', 'http://localhost', 0, 1, 0, '2020-12-07 01:35:39', '2020-12-07 01:35:39'),
(3, NULL, 'iApps Personal Access Client', 'IQtabjRKlQYXChq7FXqKqu4hxWjahgKz1s5wsUjc', NULL, 'http://localhost', 1, 0, 0, '2021-01-09 18:23:02', '2021-01-09 18:23:02'),
(4, NULL, 'iApps Password Grant Client', 'at1ZUajdPn0gfcJmH4kEehkiwgTbXY6EypIDLaxE', 'users', 'http://localhost', 0, 1, 0, '2021-01-09 18:23:02', '2021-01-09 18:23:02');

INSERT INTO `oauth_personal_access_clients` (`id`, `client_id`, `created_at`, `updated_at`) VALUES
(1, 1, '2020-12-07 01:35:39', '2020-12-07 01:35:39'),
(2, 3, '2021-01-09 18:23:02', '2021-01-09 18:23:02');

INSERT INTO `offer_items` (`id`, `item_id`, `business_id`, `current_price`, `offer_price`, `offer_percent_discount`, `offer_type`, `start_date`, `end_date`, `is_unlimited`, `is_visible`, `created_by`, `updated_by`, `deleted_by`, `created_at`, `updated_at`) VALUES
(1, 20, 1, 5000.00, 6500.00, 10.00, 'normal_offer', '2021-03-01', '2021-05-01', 0, 1, 1, NULL, NULL, '2021-03-30 13:25:51', '2021-03-30 13:25:51'),
(3, 1, 1, 12000.00, 6500.00, 45.83, 'normal_offer', '2021-03-01', '2021-05-01', 0, 1, 1, NULL, NULL, '2021-03-30 15:24:55', '2021-03-30 15:33:52'),
(8, 1, 1, 12000.00, 6500.00, 45.83, 'first_purchase_offer', '2021-03-01', '2021-05-01', 0, 1, 1, NULL, NULL, '2021-03-30 15:37:13', '2021-03-30 15:37:13');

INSERT INTO `order_statuses` (`id`, `transaction_id`, `order_create_date`, `confirmed_by_vendor_date`, `shipped_by_vendor_date`, `delivery_by_vendor_date`, `received_by_customer_date`, `feedback_by_customer_date`, `created_at`, `updated_at`) VALUES
(1, 1, '2021-02-03 15:17:26', '2021-02-05 15:17:26', '2021-02-09 15:17:26', '2021-02-12 15:17:26', '2021-02-13 15:17:26', '2021-02-14 15:17:26', '2021-02-21 15:17:57', '2021-02-21 15:17:57'),
(2, 2, '2021-02-03 15:17:26', '2021-02-05 15:17:26', '2021-02-09 15:17:26', NULL, NULL, NULL, '2021-02-21 15:17:57', '2021-02-21 15:17:57'),
(3, 3, '2021-02-03 15:17:26', '2021-02-05 15:17:26', '2021-02-09 15:17:26', '2021-02-11 15:18:13', NULL, NULL, '2021-02-21 15:17:57', '2021-02-21 15:17:57'),
(4, 4, '2021-03-28 13:30:59', NULL, NULL, NULL, NULL, NULL, '2021-03-28 13:31:00', '2021-03-28 13:31:00'),
(5, 5, '2021-03-30 15:42:06', NULL, NULL, NULL, NULL, NULL, '2021-03-30 15:42:06', '2021-03-30 15:42:06'),
(6, 6, '2021-03-31 21:47:53', NULL, NULL, NULL, NULL, NULL, '2021-03-31 21:47:53', '2021-03-31 21:47:53'),
(7, 7, '2021-03-31 21:51:16', NULL, NULL, NULL, NULL, NULL, '2021-03-31 21:51:16', '2021-03-31 21:51:16'),
(8, 8, '2021-03-31 22:01:07', NULL, NULL, NULL, NULL, NULL, '2021-03-31 22:01:07', '2021-03-31 22:01:07'),
(9, 9, '2021-04-01 02:20:54', NULL, NULL, NULL, NULL, NULL, '2021-04-01 02:20:55', '2021-04-01 02:20:55'),
(10, 10, '2021-04-03 18:40:44', NULL, NULL, NULL, NULL, NULL, '2021-04-03 18:40:45', '2021-04-03 18:40:45'),
(11, 11, '2021-04-03 22:22:23', NULL, NULL, NULL, NULL, NULL, '2021-04-03 22:22:23', '2021-04-03 22:22:23');

INSERT INTO `otps` (`id`, `phone_no`, `otp`, `expire_date`, `created_at`, `updated_at`) VALUES
(1, '8801951233084', '854941', '2021-03-28 23:32:02', '2021-01-29 07:43:59', '2021-03-28 23:27:02'),
(2, '8801951233081', '574071', '2021-02-01 22:12:28', '2021-02-01 22:07:28', '2021-02-01 22:07:28'),
(3, '8801951233123', '282010', '2021-02-09 19:19:59', '2021-02-09 19:13:17', '2021-02-09 19:14:59'),
(4, '8801951233090', '372042', '2021-02-09 19:20:47', '2021-02-09 19:15:47', '2021-02-09 19:15:47'),
(5, '8801951233009', '904801', '2021-02-10 05:04:06', '2021-02-10 04:59:06', '2021-02-10 04:59:06'),
(12, '8801951233041', '561816', '2021-02-10 06:07:28', '2021-02-10 06:02:28', '2021-02-10 06:02:28'),
(13, '8801951233042', '518541', '2021-02-10 06:15:25', '2021-02-10 06:10:25', '2021-02-10 06:10:25'),
(14, '0163544454', '156872', '2021-03-28 23:25:10', '2021-03-28 23:20:10', '2021-03-28 23:20:10'),
(15, '0165454545', '491396', '2021-03-28 23:27:47', '2021-03-28 23:22:47', '2021-03-28 23:22:47');

INSERT INTO `payment_methods` (`id`, `name`, `code`, `image`, `description`, `created_at`, `updated_at`) VALUES
(1, 'bKash', 'bkash', 'bkash.png', '<p>Send Money throw this bKash No.</p>', NULL, NULL),
(2, 'Rocket', 'rocket', 'rocket.png', 'Send Money throw this Rocket No.', NULL, NULL),
(3, 'Visa / Master Card', 'card', 'card.png', 'Click on Confirm Payment button to Card Payment Proceed...', NULL, NULL),
(4, 'Cash In Delivery', 'cash_in', 'cash_in.png', 'Please click confirm for cash in delivery', NULL, NULL);

INSERT INTO `permissions` (`id`, `name`, `group_name`, `guard_name`, `created_at`, `updated_at`) VALUES
(1, 'product.create', 'Product', 'api', '2021-02-21 02:46:43', '2021-02-21 02:46:43'),
(2, 'product.edit', 'Product', 'api', '2021-02-21 02:47:16', '2021-02-21 02:47:16'),
(3, 'product.delete', 'Product', 'api', '2021-02-21 02:47:17', '2021-02-21 02:47:17'),
(4, 'product.view', 'Product', 'api', '2021-02-21 02:47:17', '2021-02-21 02:47:17'),
(5, 'all_business.view', 'Business', 'api', '2021-02-21 02:47:17', '2021-02-21 02:47:17'),
(6, 'category.view', 'Category', 'api', '2021-02-21 02:47:17', '2021-02-21 02:47:17'),
(7, 'category.create', 'Category', 'api', '2021-02-21 02:47:17', '2021-02-21 02:47:17'),
(8, 'category.edit', 'Category', 'api', '2021-02-21 02:47:17', '2021-02-21 02:47:17'),
(9, 'category.delete', 'Category', 'api', '2021-02-21 02:47:17', '2021-02-21 02:47:17'),
(10, 'brand.view', 'Brand', 'api', '2021-02-21 02:47:17', '2021-02-21 02:47:17'),
(11, 'brand.create', 'Brand', 'api', '2021-02-21 02:47:17', '2021-02-21 02:47:17'),
(12, 'brand.edit', 'Brand', 'api', '2021-02-21 02:47:17', '2021-02-21 02:47:17'),
(13, 'brand.delete', 'Brand', 'api', '2021-02-21 02:47:17', '2021-02-21 02:47:17'),
(14, 'attribute.view', 'Attribute', 'api', '2021-02-21 02:47:17', '2021-02-21 02:47:17'),
(15, 'attribute.create', 'Attribute', 'api', '2021-02-21 02:47:17', '2021-02-21 02:47:17'),
(16, 'attribute.edit', 'Attribute', 'api', '2021-02-21 02:47:17', '2021-02-21 02:47:17'),
(17, 'attribute.delete', 'Attribute', 'api', '2021-02-21 02:47:17', '2021-02-21 02:47:17'),
(18, 'coupon.view', 'Coupon', 'api', '2021-02-21 02:47:17', '2021-02-21 02:47:17'),
(19, 'coupon.create', 'Coupon', 'api', '2021-02-21 02:47:17', '2021-02-21 02:47:17'),
(20, 'coupon.edit', 'Coupon', 'api', '2021-02-21 02:47:17', '2021-02-21 02:47:17'),
(21, 'coupon.delete', 'Coupon', 'api', '2021-02-21 02:47:17', '2021-02-21 02:47:17'),
(22, 'voucher.view', 'Voucher', 'api', '2021-02-21 02:47:17', '2021-02-21 02:47:17'),
(23, 'voucher.create', 'Voucher', 'api', '2021-02-21 02:47:17', '2021-02-21 02:47:17'),
(24, 'voucher.edit', 'Voucher', 'api', '2021-02-21 02:47:17', '2021-02-21 02:47:17'),
(25, 'voucher.delete', 'Voucher', 'api', '2021-02-21 02:47:17', '2021-02-21 02:47:17'),
(26, 'giftcard.view', 'Gift Card', 'api', '2021-02-21 02:47:17', '2021-02-21 02:47:17'),
(27, 'giftcard.create', 'Gift Card', 'api', '2021-02-21 02:47:17', '2021-02-21 02:47:17'),
(28, 'giftcard.edit', 'Gift Card', 'api', '2021-02-21 02:47:17', '2021-02-21 02:47:17'),
(29, 'giftcard.delete', 'Gift Card', 'api', '2021-02-21 02:47:17', '2021-02-21 02:47:17'),
(30, 'user.create', 'User', 'api', '2021-02-21 02:47:17', '2021-02-21 02:47:17'),
(31, 'user.edit', 'User', 'api', '2021-02-21 02:47:17', '2021-02-21 02:47:17'),
(32, 'user.view', 'User', 'api', '2021-02-21 02:47:17', '2021-02-21 02:47:17'),
(33, 'user.delete', 'User', 'api', '2021-02-21 02:47:17', '2021-02-21 02:47:17'),
(34, 'role.view', 'Role', 'api', '2021-02-21 02:47:17', '2021-02-21 02:47:17'),
(35, 'role.create', 'Role', 'api', '2021-02-21 02:47:17', '2021-02-21 02:47:17'),
(36, 'role.edit', 'Role', 'api', '2021-02-21 02:47:17', '2021-02-21 02:47:17'),
(37, 'role.delete', 'Role', 'api', '2021-02-21 02:47:17', '2021-02-21 02:47:17');

INSERT INTO `poll_options` (`id`, `value`, `item_id`, `poll_id`, `created_at`, `updated_at`) VALUES
(1, 'Seller 1', NULL, 2, '2021-02-15 03:17:46', '2021-02-15 03:17:46'),
(2, 'Seller Final 2', NULL, 2, '2021-02-15 03:17:46', '2021-02-15 03:37:23'),
(3, 'Seller Final New', NULL, 2, '2021-02-15 03:37:52', '2021-02-15 03:37:52');

INSERT INTO `polls` (`id`, `title`, `description`, `slug`, `image`, `enable_item_comparison`, `type`, `status`, `deleted_at`, `created_by`, `updated_by`, `deleted_by`, `created_at`, `updated_at`) VALUES
(1, 'Service', 'Test', 'service', NULL, 1, 'radio', 1, NULL, 1, NULL, NULL, '2021-02-14 21:51:19', '2021-02-14 21:51:19'),
(2, 'Service Updated', 'string', 'which-seller-is-favorite-seller-', NULL, 0, 'radio', 1, NULL, 1, 1, NULL, '2021-02-15 03:17:46', '2021-02-15 03:35:33');

INSERT INTO `role_has_permissions` (`permission_id`, `role_id`) VALUES
(1, 1),
(1, 3),
(1, 4),
(2, 1),
(2, 3),
(2, 4),
(3, 1),
(3, 3),
(4, 1),
(4, 3),
(4, 4),
(5, 3),
(6, 3),
(7, 3),
(8, 3),
(9, 3),
(10, 3),
(11, 3),
(12, 3),
(13, 3),
(14, 3),
(15, 3),
(16, 3),
(17, 3),
(18, 3),
(19, 3),
(20, 3),
(21, 3),
(22, 3),
(23, 3),
(24, 3),
(25, 3),
(26, 3),
(27, 3),
(28, 3),
(29, 3),
(30, 1),
(30, 3),
(31, 1),
(31, 3),
(32, 1),
(32, 3),
(33, 1),
(33, 3),
(34, 3),
(35, 3),
(36, 3),
(37, 3);

INSERT INTO `roles` (`id`, `name`, `guard_name`, `created_at`, `updated_at`) VALUES
(1, 'Vendor', 'api', '2021-02-07 17:35:13', '2021-02-07 17:35:13'),
(2, 'Customer', 'api', '2021-02-07 17:35:26', '2021-02-07 17:35:26'),
(3, 'Main Vendor', 'api', '2021-02-21 06:54:13', '2021-02-21 06:54:13'),
(4, 'Vendor Employee', 'api', '2021-02-21 06:54:38', '2021-02-21 06:54:38');

INSERT INTO `sliders` (`id`, `title`, `description`, `business_id`, `image`, `is_text_enable`, `text`, `text_color`, `is_button_enable`, `button_text`, `button_link`, `button_color`, `status`, `priority`, `created_at`, `updated_at`) VALUES
(5, 'Gift Voucher', '<p>Test</p>', 5, 'slider--1616957034.webp', 1, '45r', '#d70909', 1, 'we', 'https://devsenv.atlassian.net/', NULL, 1, 1, '2021-02-15 15:53:17', '2021-03-29 00:43:54'),
(9, 'Boi Mela', '<p><br></p>', 5, 'slider--1616957009.webp', 0, NULL, NULL, 0, NULL, NULL, NULL, 1, 1, '2021-02-15 15:54:02', '2021-03-29 00:43:29'),
(15, 'Independent Day', '<p>5453453</p>', 7, 'slider--1616963437.webp', 1, '35345', '#ff0505', 1, '4535', 'http://localhost:3000/brand/hp', NULL, 1, 1, '2021-02-15 15:54:53', '2021-03-29 02:30:37'),
(18, 'Independent Day', '<p>5453453</p>', 7, 'slider--1616963453.webp', 1, '35345', '#ff0505', 1, '4535', 'http://localhost:3000/brand/hp', NULL, 1, 1, '2021-03-29 02:30:53', '2021-03-29 02:30:53');

INSERT INTO `tax_rates` (`id`, `business_id`, `name`, `calculation_type`, `amount`, `is_tax_group`, `rounding_type`, `created_by`, `deleted_at`, `created_at`, `updated_at`) VALUES
(1, 1, 'Govt Tax', 'percentage', 10.00, 0, 'normal', 1, NULL, '2020-11-13 02:58:03', '2020-11-13 02:58:03');

INSERT INTO `transaction_sell_lines` (`id`, `transaction_id`, `item_id`, `business_id`, `quantity`, `unit_price`, `unit_price_inc_tax`, `discount_amount`, `item_tax`, `created_by`, `created_at`, `updated_at`) VALUES
(1, 1, 1, 1, 2, 100.00, 120.00, 0.00, 0.00, 1, '2021-01-31 02:02:15', '2021-01-31 02:02:15'),
(2, 2, 1, 1, 2, 100.00, 120.00, 0.00, 0.00, 1, '2021-02-04 19:41:14', '2021-02-04 19:41:14'),
(3, 3, 1, 1, 1, 100.00, 120.00, 0.00, 0.00, 1, '2021-02-05 03:07:01', '2021-02-05 03:07:01'),
(4, 3, 9, 4, 2, 300.00, 320.00, 0.00, 0.00, 1, '2021-02-05 03:07:01', '2021-02-05 03:07:01'),
(5, 3, 4, 1, 3, 500.00, 520.00, 0.00, 0.00, 1, '2021-02-05 03:07:01', '2021-02-05 03:07:01'),
(6, 4, 61, 1, 1, 64000.00, 64000.00, 0.00, 0.00, 1, '2021-03-28 13:31:00', '2021-03-28 13:31:00'),
(7, 4, 28, 2, 1, 22.00, 22.00, 0.00, 0.00, 1, '2021-03-28 13:31:00', '2021-03-28 13:31:00'),
(8, 4, 2, 1, 1, 10000.00, 10000.00, 0.00, 0.00, 1, '2021-03-28 13:31:00', '2021-03-28 13:31:00'),
(9, 5, 61, 1, 1, 64000.00, 64000.00, 0.00, 0.00, 1, '2021-03-30 15:42:06', '2021-03-30 15:42:06'),
(10, 5, 53, 1, 1, 9000.00, 9000.00, 0.00, 0.00, 1, '2021-03-30 15:42:06', '2021-03-30 15:42:06'),
(11, 6, 8, 1, 1, 120000.00, 120000.00, 0.00, 0.00, 1, '2021-03-31 21:47:54', '2021-03-31 21:47:54'),
(12, 7, 8, 1, 1, 120000.00, 120000.00, 0.00, 0.00, 1, '2021-03-31 21:51:16', '2021-03-31 21:51:16'),
(13, 8, 8, 1, 1, 120000.00, 120000.00, 0.00, 0.00, 1, '2021-03-31 22:01:07', '2021-03-31 22:01:07'),
(14, 9, 8, 1, 1, 120000.00, 120000.00, 0.00, 0.00, 1, '2021-04-01 02:20:55', '2021-04-01 02:20:55'),
(15, 10, 62, 1, 2, 499.00, 499.00, 0.00, 0.00, 1, '2021-04-03 18:40:45', '2021-04-03 18:40:45'),
(16, 10, 63, 1, 1, 333.00, 333.00, 0.00, 0.00, 1, '2021-04-03 18:40:45', '2021-04-03 18:40:45'),
(17, 10, 6, 1, 1, 0.00, 0.00, 0.00, 0.00, 1, '2021-04-03 18:40:45', '2021-04-03 18:40:45'),
(18, 11, 62, 1, 2, 499.00, 499.00, 0.00, 0.00, 1, '2021-04-03 22:22:23', '2021-04-03 22:22:23'),
(19, 11, 63, 1, 1, 333.00, 333.00, 0.00, 0.00, 1, '2021-04-03 22:22:23', '2021-04-03 22:22:23'),
(20, 11, 6, 1, 1, 0.00, 0.00, 0.00, 0.00, 1, '2021-04-03 22:22:23', '2021-04-03 22:22:23');

INSERT INTO `transactions` (`id`, `business_id`, `type`, `status`, `delivery_status`, `payment_status`, `title`, `invoice_no`, `ref_no`, `transaction_date`, `total_before_tax`, `tax_amount`, `discount_type_id`, `tax_id`, `discount_amount`, `shipping_details`, `order_quantity`, `shipping_charges`, `additional_notes`, `staff_note`, `paid_total`, `due_total`, `final_total`, `created_by`, `deleted_at`, `created_at`, `updated_at`) VALUES
(1, 1, 'sell', 1, 'not_delivered', 'due', 'string', '1', '1', '2021-01-30 00:00:00', 0.00, 0.00, 1, 1, '0', 'string', '2', 0.00, 'string', 'string', 200.00, 200.00, 200.00, 1, NULL, '2021-01-31 02:02:15', '2021-01-31 02:02:15'),
(2, 1, 'sell', 1, 'not_delivered', 'due', 'string', '1', '2', '2021-02-04 00:00:00', 0.00, 0.00, 1, 1, '0', 'string', '2', 0.00, 'string', 'string', 200.00, 200.00, 200.00, 1, NULL, '2021-02-04 19:41:14', '2021-02-04 19:41:14'),
(3, 1, 'sell', 1, 'not_delivered', 'due', 'string', '1', '1', '2021-02-05 00:00:00', 0.00, 0.00, 1, 1, '0', 'string', '2', 0.00, 'string', 'string', 200.00, 200.00, 200.00, 1, NULL, '2021-02-05 03:07:01', '2021-02-05 03:07:01'),
(4, 1, 'sell', 1, 'not_delivered', 'due', 'Ecommerce Sale', NULL, NULL, '2021-03-28 00:00:00', 68022.00, 0.00, 1, 1, '0', NULL, '3', 3401.10, NULL, NULL, 0.00, 71423.10, 71423.10, 1, NULL, '2021-03-28 13:30:59', '2021-03-28 13:30:59'),
(5, 1, 'sell', 1, 'not_delivered', 'due', 'Ecommerce Sale', NULL, NULL, '2021-03-30 00:00:00', 69000.00, 0.00, 1, 1, '0', NULL, '2', 3450.00, NULL, NULL, 0.00, 72450.00, 72450.00, 1, NULL, '2021-03-30 15:42:06', '2021-03-30 15:42:06'),
(6, 1, 'sell', 1, 'not_delivered', 'due', 'Ecommerce Sale', NULL, NULL, '2021-03-31 00:00:00', 120000.00, 0.00, 1, 1, '0', NULL, '1', 6000.00, NULL, NULL, 0.00, 126000.00, 126000.00, 1, NULL, '2021-03-31 21:47:53', '2021-03-31 21:47:53'),
(7, 1, 'sell', 1, 'not_delivered', 'due', 'Ecommerce Sale', NULL, NULL, '2021-03-31 00:00:00', 120000.00, 0.00, 1, 1, '0', NULL, '1', 6000.00, NULL, NULL, 0.00, 126000.00, 126000.00, 1, NULL, '2021-03-31 21:51:16', '2021-03-31 21:51:16'),
(8, 1, 'sell', 1, 'not_delivered', 'due', 'Ecommerce Sale', NULL, NULL, '2021-03-31 00:00:00', 120000.00, 0.00, 1, 1, '0', NULL, '1', 6000.00, NULL, NULL, 0.00, 126000.00, 126000.00, 1, NULL, '2021-03-31 22:01:07', '2021-03-31 22:01:07'),
(9, 1, 'sell', 1, 'not_delivered', 'due', 'Ecommerce Sale', NULL, NULL, '2021-04-01 00:00:00', 120000.00, 0.00, 1, 1, '0', NULL, '1', 6000.00, NULL, NULL, 0.00, 126000.00, 126000.00, 1, NULL, '2021-04-01 02:20:54', '2021-04-01 02:20:54'),
(10, 1, 'sell', 1, 'not_delivered', 'due', 'Ecommerce Sale', NULL, NULL, '2021-04-03 00:00:00', 1298.00, 0.00, 1, 1, '0', NULL, '4', 50.00, NULL, NULL, 0.00, 1348.00, 1348.00, 1, NULL, '2021-04-03 18:40:44', '2021-04-03 18:40:44'),
(11, 1, 'sell', 1, 'not_delivered', 'due', 'Ecommerce Sale', NULL, NULL, '2021-04-03 00:00:00', 1298.00, 0.00, 1, 1, '0', NULL, '4', 50.00, NULL, NULL, 0.00, 1348.00, 1348.00, 1, NULL, '2021-04-03 22:22:23', '2021-04-03 22:22:23');

INSERT INTO `units` (`id`, `business_id`, `actual_name`, `short_name`, `allow_decimal`, `created_by`, `deleted_at`, `created_at`, `updated_at`) VALUES
(1, 1, 'Piece', 'Pc', 1, 1, NULL, '2020-11-13 02:56:41', '2020-11-13 02:56:41');

INSERT INTO `users` (`id`, `business_id`, `first_name`, `surname`, `last_name`, `username`, `email`, `phone_no`, `password`, `language`, `avatar`, `banner`, `remember_token`, `type`, `status`, `deleted_at`, `created_at`, `updated_at`) VALUES
(1, 1, 'Maniruzzaman', NULL, 'Akash', 'akash', 'seller@example.com', '012135489534', '$2y$10$r8dsmRYGQn4l/c03uNuZP.sYXJyqIAWB9eMoAQHxpsIxz5KN6w8E6', 'en', NULL, NULL, NULL, 'vendor', 'active', NULL, '2020-11-04 18:14:12', '2021-03-28 17:24:01'),
(9, NULL, 'Maniruzzaman', NULL, 'Akash', 'maniruzzaman', 'akash@example.com', '01951233081', '$2y$10$l7EmfijVTsuZDmNMWcwlsONfq906M9IuFIhQ9j8F/Y..xg7Vk44sq', 'en', NULL, NULL, NULL, 'customer', 'active', NULL, '2021-02-01 22:07:28', '2021-02-01 22:07:46'),
(15, NULL, 'Test User', NULL, 'last', 'testuser3', 'akash14@mail.com', '019512330114', '$2y$10$7eD5xAPkUeKL/3knh0quLOnnQ0MQx5Sd6yyQsfHOLowQWxTmrXA76', 'en', NULL, NULL, NULL, 'customer', 'inactive', NULL, '2021-02-07 11:28:08', '2021-02-07 11:28:08'),
(16, NULL, 'Seller Shop', NULL, 'last', 'sellershop', 'akash90@mail.com', '019512330190', '$2y$10$raCpwWcTKR1DrcMY1C87EOVPWF98V3G4kB8amihuzLZ0v0yPv15E2', 'en', NULL, NULL, NULL, 'customer', 'inactive', NULL, '2021-02-07 11:39:20', '2021-02-07 11:39:20'),
(18, NULL, 'Seller Shop2', NULL, 'last', 'sellershop2', 'akash111@mail.com', '0195123301111', '$2y$10$IhJVQeFE7DJuQ.AvlLua9O8YL.5Af6R11bzEYLsI5l9Uqh5FWv8ri', 'en', NULL, NULL, NULL, 'customer', 'inactive', NULL, '2021-02-07 11:44:24', '2021-02-07 11:44:24'),
(25, 9, 'Test Vendor', NULL, NULL, 'testvendor', 'vendor41@mail.com', '01951233041', '$2y$10$3eRk7Wr6bRRmi819eoLtXu6ZToGLh6qMYscLSqCOqWXroVKA2gdJq', 'en', NULL, NULL, NULL, 'customer', 'active', NULL, '2021-02-10 06:05:31', '2021-02-10 06:05:31'),
(26, 10, 'Test Vendor', NULL, NULL, 'testvendor1', 'vendor42@mail.com', '01951233042', '$2y$10$HJ9W9uA.yBBZPfx92XBlBu4.C/BHfSIdQdGDz59BnwZADrOd6WchG', 'en', NULL, NULL, NULL, 'customer', 'active', NULL, '2021-02-10 06:14:43', '2021-02-10 06:14:43'),
(28, 1, 'Maniruzzaman', NULL, 'Akash', 'akashcse', 'manirujjamanakash12@gmail.com', '01951233012', '$2y$10$aKRiCyiS8/.0WjUG6covC.Pv.7KbHnYj3bXJhdtIDknnQI6At4iZO', 'en', NULL, NULL, NULL, 'customer', 'inactive', NULL, '2021-02-21 06:23:56', '2021-02-21 08:30:30'),
(30, NULL, 'Maniruzzaman', NULL, 'Akash', 'maniruzzaman1', NULL, '0163544454', '$2y$10$F0/SgmGxNDAACV3WvaAsu./8UqbvT6TYZOvhacw016Nh7actt/N8m', 'en', NULL, NULL, NULL, 'customer', 'inactive', NULL, '2021-03-28 23:20:47', '2021-03-28 23:20:47'),
(31, NULL, 'Maniruzzaman', NULL, 'Akash', 'maniruzzaman2', NULL, '0165454545', '$2y$10$BjKe8UAd17T3wy5W7egMuengD9bbu9quFzIFe9hiwU./Bs6u6OG7y', 'en', NULL, NULL, NULL, 'customer', 'inactive', NULL, '2021-03-28 23:23:18', '2021-03-28 23:23:18'),
(32, 11, 'Maniruzzaman', NULL, 'Akash', 'maniruzzaman3', NULL, '01951233084', '$2y$10$KAP0JW8YR1XoCd4yOjvsfuoPefV3ply4hj.j6Tgju3B1fGKlIEUry', 'en', NULL, NULL, NULL, 'customer', 'active', NULL, '2021-03-28 23:27:36', '2021-03-28 23:27:37');

INSERT INTO `vouchers` (`id`, `title`, `slug`, `image`, `price_value_for`, `change_price_value`, `status`, `description`, `deleted_at`, `created_by`, `updated_by`, `deleted_by`, `created_at`, `updated_at`) VALUES
(1, 'Boishakhi Card', 'boishakhi-card', 'giftCard--1613337328.jpg', 5000.00, 6500.00, 1, '<p>Simple Description</p>', NULL, 1, NULL, NULL, '2021-02-10 10:33:13', '2021-02-14 21:15:28'),
(2, 'Boishakhi Card 2', 'boishakhi-card-2', 'giftCard--1613337317.png', 50020.00, 65200.00, 1, '<p>Simple Description</p>', NULL, 1, NULL, NULL, '2021-02-10 12:38:04', '2021-02-14 21:15:17');

INSERT INTO `wishlists` (`id`, `user_id`, `item_id`, `created_at`, `updated_at`) VALUES
(1, 1, 51, '2021-02-15 11:21:35', '2021-02-15 11:21:35'),
(2, 1, 1, '2021-03-04 23:04:32', '2021-03-04 23:04:32'),
(3, 1, 46, '2021-03-07 21:21:09', '2021-03-07 21:21:09'),
(4, 1, 63, '2021-03-15 01:41:24', '2021-03-15 01:41:24'),
(5, 1, 62, '2021-03-15 01:41:29', '2021-03-15 01:41:29'),
(6, 1, 61, '2021-03-15 01:41:36', '2021-03-15 01:41:36'),
(7, 1, 55, '2021-03-15 01:42:19', '2021-03-15 01:42:19'),
(8, 1, 64, '2021-03-16 11:06:42', '2021-03-16 11:06:42'),
(9, 1, 61, '2021-03-21 10:53:06', '2021-03-21 10:53:06'),
(10, 1, 61, '2021-03-21 11:14:20', '2021-03-21 11:14:20'),
(11, 1, 47, '2021-03-21 11:44:58', '2021-03-21 11:44:58'),
(12, 1, 63, '2021-03-21 13:21:00', '2021-03-21 13:21:00'),
(13, 1, 63, '2021-03-21 13:33:58', '2021-03-21 13:33:58'),
(14, 1, 63, '2021-03-21 13:44:46', '2021-03-21 13:44:46'),
(15, 1, 62, '2021-03-21 13:45:08', '2021-03-21 13:45:08'),
(16, 1, 51, '2021-03-21 13:48:18', '2021-03-21 13:48:18'),
(17, 1, 30, '2021-03-21 14:19:58', '2021-03-21 14:19:58'),
(18, 1, 29, '2021-03-21 14:20:04', '2021-03-21 14:20:04'),
(19, 1, 1, '2021-04-01 21:02:46', '2021-04-01 21:02:46'),
(20, 1, 3, '2021-04-02 17:48:10', '2021-04-02 17:48:10');



/*!40101 SET SQL_MODE=@OLD_SQL_MODE */;
/*!40014 SET FOREIGN_KEY_CHECKS=@OLD_FOREIGN_KEY_CHECKS */;
/*!40014 SET UNIQUE_CHECKS=@OLD_UNIQUE_CHECKS */;
/*!40101 SET CHARACTER_SET_CLIENT=@OLD_CHARACTER_SET_CLIENT */;
/*!40101 SET CHARACTER_SET_RESULTS=@OLD_CHARACTER_SET_RESULTS */;
/*!40101 SET COLLATION_CONNECTION=@OLD_COLLATION_CONNECTION */;
/*!40111 SET SQL_NOTES=@OLD_SQL_NOTES */;